timestamp,elapsed_s,cpu_percent,ram_used_mb,ram_percent,peak_ram_used_mb,ollama_cpu_percent,ollama_cpu_percent_norm,ollama_ram_used_mb,peak_ollama_ram_used_mb
2026-06-23T20:47:02.043,0.07,18.2,12991.23,82.8,12991.23,0.0,0.0,582.4,582.4
2026-06-23T20:47:02.279,0.31,7.1,12991.47,82.8,12991.47,0.0,0.0,582.4,582.4
2026-06-23T20:47:02.519,0.55,6.3,12991.68,82.8,12991.68,0.0,0.0,582.4,582.4
2026-06-23T20:47:02.751,0.78,5.5,12995.52,82.8,12995.52,0.0,0.0,582.4,582.4
2026-06-23T20:47:02.987,1.02,5.8,12995.73,82.8,12995.73,0.0,0.0,582.4,582.4
2026-06-23T20:47:03.220,1.25,7.6,12970.89,82.6,12995.73,0.0,0.0,582.4,582.4
2026-06-23T20:47:03.454,1.49,9.0,12979.85,82.7,12995.73,0.0,0.0,582.4,582.4
2026-06-23T20:47:03.690,1.72,11.6,12978.86,82.7,12995.73,0.0,0.0,582.4,582.4
2026-06-23T20:47:03.923,1.95,5.8,12978.38,82.7,12995.73,0.0,0.0,582.4,582.4
2026-06-23T20:47:04.156,2.19,8.0,12958.43,82.6,12995.73,4.3,0.36,582.4,582.4
2026-06-23T20:47:04.393,2.42,10.8,13017.66,82.9,13017.66,0.0,0.0,582.4,582.4
2026-06-23T20:47:04.629,2.66,15.4,13047.72,83.1,13047.72,0.0,0.0,582.4,582.4
2026-06-23T20:47:04.864,2.9,6.5,13047.54,83.1,13047.72,0.0,0.0,582.4,582.4
2026-06-23T20:47:05.100,3.13,14.4,13081.5,83.3,13081.5,34.0,2.83,586.96,586.96
2026-06-23T20:47:05.336,3.37,17.2,13081.35,83.3,13081.5,101.5,8.46,587.8,587.8
2026-06-23T20:47:05.571,3.6,10.4,13081.84,83.4,13081.84,46.9,3.91,588.01,588.01
2026-06-23T20:47:05.805,3.84,10.5,13081.19,83.3,13081.84,34.1,2.84,588.01,588.01
2026-06-23T20:47:06.042,4.07,27.8,13095.91,83.4,13095.91,42.2,3.52,587.01,588.01
2026-06-23T20:47:06.277,4.31,9.1,12988.14,82.8,13095.91,46.8,3.9,587.01,588.01
2026-06-23T20:47:06.511,4.54,9.0,12987.85,82.8,13095.91,38.6,3.22,587.01,588.01
2026-06-23T20:47:06.745,4.78,9.8,12988.04,82.8,13095.91,38.5,3.21,587.01,588.01
2026-06-23T20:47:06.977,5.01,11.5,12988.11,82.8,13095.91,38.6,3.22,587.01,588.01
2026-06-23T20:47:07.212,5.24,10.8,13003.92,82.9,13095.91,38.3,3.19,587.01,588.01
2026-06-23T20:47:07.446,5.48,10.6,13004.84,82.9,13095.91,42.8,3.57,587.01,588.01
2026-06-23T20:47:07.679,5.71,10.5,13005.3,82.9,13095.91,42.9,3.57,587.01,588.01
2026-06-23T20:47:07.914,5.95,11.6,13006.1,82.9,13095.91,34.2,2.85,587.02,588.01
2026-06-23T20:47:08.149,6.18,11.6,13005.06,82.9,13095.91,42.4,3.53,587.02,588.01
2026-06-23T20:47:08.394,6.43,12.8,13005.32,82.9,13095.91,41.2,3.43,587.03,588.01
2026-06-23T20:47:08.631,6.66,12.1,13007.28,82.9,13095.91,41.9,3.49,587.04,588.01
2026-06-23T20:47:08.866,6.9,10.0,13007.76,82.9,13095.91,33.9,2.82,587.05,588.01
2026-06-23T20:47:09.100,7.13,8.6,13008.27,82.9,13095.91,42.5,3.54,587.06,588.01
2026-06-23T20:47:09.333,7.36,8.7,13008.47,82.9,13095.91,38.8,3.23,587.07,588.01
2026-06-23T20:47:09.565,7.6,8.4,13007.96,82.9,13095.91,42.9,3.57,587.09,588.01
2026-06-23T20:47:09.799,7.83,9.4,13010.59,82.9,13095.91,38.5,3.21,587.09,588.01
2026-06-23T20:47:10.035,8.07,9.4,13009.59,82.9,13095.91,42.5,3.54,587.11,588.01
2026-06-23T20:47:10.269,8.3,13.3,13008.19,82.9,13095.91,38.4,3.2,587.12,588.01
2026-06-23T20:47:10.505,8.54,9.4,13009.12,82.9,13095.91,42.6,3.55,587.14,588.01
2026-06-23T20:47:10.741,8.77,9.6,13009.59,82.9,13095.91,38.2,3.18,587.14,588.01
2026-06-23T20:47:10.976,9.01,11.2,13009.44,82.9,13095.91,33.9,2.82,587.14,588.01
2026-06-23T20:47:11.212,9.24,10.8,13008.86,82.9,13095.91,42.3,3.52,587.14,588.01
2026-06-23T20:47:11.446,9.48,10.1,13008.57,82.9,13095.91,42.7,3.56,587.14,588.01
2026-06-23T20:47:11.680,9.71,9.1,13008.52,82.9,13095.91,34.3,2.86,587.14,588.01
2026-06-23T20:47:11.913,9.94,24.4,13054.79,83.2,13095.91,38.5,3.21,587.14,588.01
2026-06-23T20:47:12.148,10.18,8.3,13047.84,83.1,13095.91,42.6,3.55,587.14,588.01
2026-06-23T20:47:12.384,10.42,9.0,13048.05,83.1,13095.91,38.4,3.2,587.14,588.01
2026-06-23T20:47:12.619,10.65,10.1,13049.52,83.1,13095.91,38.4,3.2,587.14,588.01
2026-06-23T20:47:12.855,10.89,14.6,13050.77,83.2,13095.91,50.7,4.23,587.14,588.01
2026-06-23T20:47:13.088,11.12,12.7,13049.97,83.1,13095.91,38.4,3.2,587.14,588.01
2026-06-23T20:47:13.323,11.36,14.0,13041.96,83.1,13095.91,38.5,3.21,587.14,588.01
2026-06-23T20:47:13.559,11.59,12.0,13041.95,83.1,13095.91,38.3,3.19,587.14,588.01
2026-06-23T20:47:13.795,11.83,11.5,13040.53,83.1,13095.91,38.2,3.18,587.14,588.01
2026-06-23T20:47:14.028,12.06,9.5,13040.75,83.1,13095.91,42.5,3.54,587.14,588.01
2026-06-23T20:47:14.261,12.29,8.4,13040.21,83.1,13095.91,38.7,3.23,587.14,588.01
2026-06-23T20:47:14.497,12.53,12.9,13041.18,83.1,13095.91,38.3,3.19,587.14,588.01
2026-06-23T20:47:14.734,12.77,14.3,13038.64,83.1,13095.91,46.4,3.87,587.14,588.01
2026-06-23T20:47:14.970,13.0,12.9,13039.41,83.1,13095.91,38.1,3.18,587.15,588.01
2026-06-23T20:47:15.209,13.24,12.7,13039.67,83.1,13095.91,42.0,3.5,587.15,588.01
2026-06-23T20:47:15.449,13.48,23.7,13051.2,83.2,13095.91,41.8,3.48,587.15,588.01
2026-06-23T20:47:15.682,13.71,11.5,13051.41,83.2,13095.91,42.4,3.53,587.15,588.01
2026-06-23T20:47:15.922,13.95,13.2,13055.91,83.2,13095.91,33.6,2.8,587.15,588.01
2026-06-23T20:47:16.166,14.2,19.5,13056.9,83.2,13095.91,41.6,3.47,587.15,588.01
2026-06-23T20:47:16.405,14.44,18.9,13058.59,83.2,13095.91,45.4,3.78,587.15,588.01
2026-06-23T20:47:16.640,14.67,21.7,13072.9,83.3,13095.91,42.4,3.53,587.15,588.01
2026-06-23T20:47:16.874,14.91,11.7,13077.27,83.3,13095.91,38.4,3.2,587.15,588.01
2026-06-23T20:47:17.109,15.14,10.4,13075.77,83.3,13095.91,38.3,3.19,587.15,588.01
2026-06-23T20:47:17.342,15.37,9.9,13076.32,83.3,13095.91,38.6,3.22,587.15,588.01
2026-06-23T20:47:17.575,15.61,9.5,13080.18,83.3,13095.91,38.6,3.22,587.15,588.01
2026-06-23T20:47:17.808,15.84,16.2,13082.94,83.4,13095.91,47.1,3.92,587.15,588.01
2026-06-23T20:47:18.041,16.07,13.7,13083.29,83.4,13095.91,38.6,3.22,587.15,588.01
2026-06-23T20:47:18.273,16.31,8.8,13086.21,83.4,13095.91,34.4,2.87,587.15,588.01
2026-06-23T20:47:18.512,16.54,16.3,13093.91,83.4,13095.91,46.5,3.88,587.15,588.01
2026-06-23T20:47:18.749,16.78,37.6,13093.6,83.4,13095.91,42.1,3.51,587.15,588.01
2026-06-23T20:47:18.986,17.02,16.2,13089.29,83.4,13095.91,42.2,3.52,587.15,588.01
2026-06-23T20:47:19.226,17.26,18.0,13085.94,83.4,13095.91,41.9,3.49,587.15,588.01
2026-06-23T20:47:19.463,17.5,16.5,13078.33,83.3,13095.91,37.7,3.14,587.15,588.01
2026-06-23T20:47:19.701,17.73,23.4,13107.01,83.5,13107.01,42.1,3.51,587.15,588.01
2026-06-23T20:47:19.938,17.97,16.1,13104.71,83.5,13107.01,38.0,3.17,587.15,588.01
2026-06-23T20:47:20.171,18.2,13.6,13103.76,83.5,13107.01,47.0,3.92,587.15,588.01
2026-06-23T20:47:20.415,18.45,16.2,13109.6,83.5,13109.6,41.7,3.48,587.16,588.01
2026-06-23T20:47:20.649,18.68,20.7,13110.47,83.5,13110.47,37.7,3.14,587.16,588.01
2026-06-23T20:47:20.891,18.92,20.1,13117.52,83.6,13117.52,41.9,3.49,587.16,588.01
2026-06-23T20:47:21.145,19.18,21.6,13113.88,83.6,13117.52,40.8,3.4,587.16,588.01
2026-06-23T20:47:21.383,19.41,12.4,13112.09,83.5,13117.52,40.8,3.4,587.16,588.01
2026-06-23T20:47:21.620,19.65,13.5,13111.87,83.5,13117.52,37.4,3.12,587.16,588.01
2026-06-23T20:47:21.855,19.89,14.8,13112.69,83.5,13117.52,38.0,3.17,587.16,588.01
2026-06-23T20:47:22.088,20.12,10.6,13115.49,83.6,13117.52,43.0,3.58,587.16,588.01
2026-06-23T20:47:22.323,20.35,17.6,13167.73,83.9,13167.73,102.7,8.56,628.83,628.83
2026-06-23T20:47:22.572,20.6,17.0,13169.59,83.9,13169.59,44.8,3.73,628.83,628.83
2026-06-23T20:47:22.809,20.84,19.1,13168.84,83.9,13169.59,41.7,3.48,628.7,628.83
2026-06-23T20:47:23.045,21.08,15.0,13163.89,83.9,13169.59,42.3,3.53,628.7,628.83
2026-06-23T20:47:23.282,21.31,19.6,13164.74,83.9,13169.59,42.1,3.51,628.71,628.83
2026-06-23T20:47:23.516,21.55,13.4,13167.05,83.9,13169.59,42.6,3.55,628.71,628.83
2026-06-23T20:47:23.751,21.78,9.5,13168.3,83.9,13169.59,38.4,3.2,628.71,628.83
2026-06-23T20:47:23.986,22.02,14.4,13172.52,83.9,13172.52,38.2,3.18,628.71,628.83
2026-06-23T20:47:24.227,22.26,18.3,13161.63,83.9,13172.52,37.7,3.14,628.71,628.83
2026-06-23T20:47:24.463,22.49,20.6,13165.75,83.9,13172.52,46.2,3.85,628.72,628.83
2026-06-23T20:47:24.699,22.73,11.9,13167.85,83.9,13172.52,42.5,3.54,628.73,628.83
2026-06-23T20:47:24.936,22.97,15.8,13171.64,83.9,13172.52,37.9,3.16,628.75,628.83
2026-06-23T20:47:25.173,23.2,17.9,13171.55,83.9,13172.52,38.1,3.18,628.76,628.83
2026-06-23T20:47:25.412,23.44,19.6,13173.2,83.9,13173.2,45.9,3.82,628.77,628.83
2026-06-23T20:47:25.658,23.69,20.5,13174.92,83.9,13174.92,37.0,3.08,628.78,628.83
2026-06-23T20:47:25.901,23.93,20.8,13174.53,83.9,13174.92,45.3,3.78,628.79,628.83
2026-06-23T20:47:26.145,24.18,20.9,13175.04,83.9,13175.04,41.0,3.42,628.8,628.83
2026-06-23T20:47:26.381,24.41,14.8,13177.78,84.0,13177.78,37.6,3.13,628.83,628.83
2026-06-23T20:47:26.619,24.65,13.9,13180.53,84.0,13180.53,46.5,3.88,628.84,628.84
2026-06-23T20:47:26.854,24.89,12.3,13169.26,83.9,13180.53,38.0,3.17,628.87,628.87
2026-06-23T20:47:27.091,25.12,18.9,13166.4,83.9,13180.53,38.0,3.17,628.88,628.88
2026-06-23T20:47:27.326,25.36,12.3,13165.97,83.9,13180.53,38.3,3.19,628.89,628.89
2026-06-23T20:47:27.561,25.59,25.1,13165.41,83.9,13180.53,38.1,3.18,628.89,628.89
2026-06-23T20:47:27.802,25.83,12.3,13163.43,83.9,13180.53,42.1,3.51,628.89,628.89
2026-06-23T20:47:28.041,26.07,21.0,13153.32,83.8,13180.53,41.4,3.45,628.89,628.89
2026-06-23T20:47:28.275,26.31,12.9,13158.29,83.8,13180.53,42.6,3.55,628.89,628.89
2026-06-23T20:47:28.513,26.55,15.4,13157.49,83.8,13180.53,37.8,3.15,628.89,628.89
2026-06-23T20:47:28.753,26.78,12.1,13159.68,83.8,13180.53,42.0,3.5,628.89,628.89
2026-06-23T20:47:28.991,27.02,14.8,13155.19,83.8,13180.53,46.2,3.85,628.91,628.91
2026-06-23T20:47:29.232,27.26,15.2,13152.8,83.8,13180.53,37.5,3.12,628.91,628.91
2026-06-23T20:47:29.472,27.5,16.6,13154.84,83.8,13180.53,42.0,3.5,628.93,628.93
2026-06-23T20:47:29.709,27.74,15.4,13155.2,83.8,13180.53,37.6,3.13,628.93,628.93
2026-06-23T20:47:29.949,27.98,14.9,13150.64,83.8,13180.53,37.5,3.12,628.95,628.95
2026-06-23T20:47:30.184,28.22,13.7,13146.96,83.8,13180.53,42.1,3.51,628.95,628.95
2026-06-23T20:47:30.421,28.45,15.1,13147.07,83.8,13180.53,42.4,3.53,628.98,628.98
2026-06-23T20:47:30.659,28.69,18.9,13147.26,83.8,13180.53,38.2,3.18,628.98,628.98
2026-06-23T20:47:30.894,28.93,16.9,13146.34,83.8,13180.53,46.2,3.85,628.98,628.98
2026-06-23T20:47:31.129,29.16,14.5,13149.05,83.8,13180.53,38.5,3.21,628.99,628.99
2026-06-23T20:47:31.365,29.4,14.5,13149.84,83.8,13180.53,42.3,3.53,629.0,629.0
2026-06-23T20:47:31.600,29.63,14.8,13151.33,83.8,13180.53,38.1,3.18,629.01,629.01
2026-06-23T20:47:31.834,29.87,14.4,13150.09,83.8,13180.53,38.4,3.2,629.01,629.01
2026-06-23T20:47:32.071,30.1,14.8,13150.55,83.8,13180.53,42.2,3.52,629.01,629.01
2026-06-23T20:47:32.308,30.34,16.9,13149.6,83.8,13180.53,42.4,3.53,629.01,629.01
2026-06-23T20:47:32.543,30.58,15.1,13148.61,83.8,13180.53,46.7,3.89,629.01,629.01
2026-06-23T20:47:32.776,30.81,12.4,13151.55,83.8,13180.53,34.2,2.85,629.01,629.01
2026-06-23T20:47:33.014,31.05,15.7,13152.13,83.8,13180.53,42.1,3.51,629.01,629.01
2026-06-23T20:47:33.247,31.28,14.3,13152.47,83.8,13180.53,38.6,3.22,629.01,629.01
2026-06-23T20:47:33.483,31.51,17.0,13155.18,83.8,13180.53,38.4,3.2,629.01,629.01
2026-06-23T20:47:33.718,31.75,13.7,13158.09,83.8,13180.53,38.3,3.19,629.01,629.01
2026-06-23T20:47:33.954,31.99,15.8,13154.42,83.8,13180.53,46.5,3.88,629.01,629.01
2026-06-23T20:47:34.192,32.22,22.9,13154.57,83.8,13180.53,42.3,3.52,629.02,629.02
2026-06-23T20:47:34.425,32.46,16.7,13158.52,83.8,13180.53,42.3,3.53,629.02,629.02
2026-06-23T20:47:34.661,32.69,12.5,13158.46,83.8,13180.53,38.4,3.2,629.02,629.02
2026-06-23T20:47:34.895,32.93,10.1,13152.52,83.8,13180.53,38.2,3.18,629.02,629.02
2026-06-23T20:47:35.129,33.16,9.0,13151.45,83.8,13180.53,38.6,3.22,629.02,629.02
2026-06-23T20:47:35.367,33.4,11.1,13153.62,83.8,13180.53,42.3,3.52,629.02,629.02
2026-06-23T20:47:35.609,33.64,21.7,13162.08,83.9,13180.53,91.6,7.63,620.9,629.02
2026-06-23T20:47:35.844,33.88,21.1,13199.17,84.1,13199.17,58.7,4.89,662.64,662.64
2026-06-23T20:47:36.082,34.11,17.6,13200.68,84.1,13200.68,41.8,3.48,662.64,662.64
2026-06-23T20:47:36.316,34.35,18.2,13212.35,84.2,13212.35,38.4,3.2,662.64,662.64
2026-06-23T20:47:36.552,34.58,12.9,13212.98,84.2,13212.98,38.3,3.19,662.64,662.64
2026-06-23T20:47:36.790,34.82,15.2,13212.91,84.2,13212.98,42.5,3.54,662.64,662.64
2026-06-23T20:47:37.050,35.08,26.6,13212.23,84.2,13212.98,47.6,3.97,662.64,662.64
2026-06-23T20:47:37.286,35.32,14.9,13190.24,84.0,13212.98,36.6,3.05,662.64,662.64
2026-06-23T20:47:37.520,35.55,12.6,13198.14,84.1,13212.98,42.7,3.56,662.64,662.64
2026-06-23T20:47:37.753,35.78,10.1,13199.38,84.1,13212.98,38.5,3.21,662.64,662.64
2026-06-23T20:47:37.987,36.02,10.1,13195.5,84.1,13212.98,38.5,3.21,662.64,662.64
2026-06-23T20:47:38.226,36.26,20.7,13199.15,84.1,13212.98,42.0,3.5,662.65,662.65
2026-06-23T20:47:38.462,36.49,15.4,13200.61,84.1,13212.98,42.3,3.52,662.66,662.66
2026-06-23T20:47:38.699,36.73,16.2,13200.8,84.1,13212.98,38.1,3.18,662.67,662.67
2026-06-23T20:47:38.936,36.97,18.3,13202.16,84.1,13212.98,42.2,3.52,662.68,662.68
2026-06-23T20:47:39.173,37.2,17.7,13204.62,84.1,13212.98,42.2,3.52,662.69,662.69
2026-06-23T20:47:39.416,37.45,18.8,13200.79,84.1,13212.98,37.0,3.08,662.7,662.7
2026-06-23T20:47:39.657,37.69,17.2,13205.34,84.1,13212.98,45.7,3.81,662.71,662.71
2026-06-23T20:47:39.894,37.93,18.3,13197.52,84.1,13212.98,42.0,3.5,662.73,662.73
2026-06-23T20:47:40.132,38.16,17.0,13206.6,84.1,13212.98,37.7,3.14,662.75,662.75
2026-06-23T20:47:40.369,38.4,15.5,13208.05,84.2,13212.98,38.2,3.18,662.76,662.76
2026-06-23T20:47:40.606,38.64,16.1,13207.54,84.2,13212.98,50.7,4.23,662.77,662.77
2026-06-23T20:47:40.839,38.87,11.2,13203.71,84.1,13212.98,38.2,3.18,662.77,662.77
2026-06-23T20:47:41.073,39.1,9.5,13204.86,84.1,13212.98,38.5,3.21,662.77,662.77
2026-06-23T20:47:41.306,39.34,10.1,13207.53,84.2,13212.98,38.6,3.22,662.77,662.77
2026-06-23T20:47:41.539,39.57,9.8,13208.0,84.2,13212.98,38.6,3.22,662.77,662.77
2026-06-23T20:47:41.773,39.8,9.4,13197.61,84.1,13212.98,42.8,3.57,662.77,662.77
2026-06-23T20:47:42.007,40.04,10.5,13196.95,84.1,13212.98,38.5,3.21,662.77,662.77
2026-06-23T20:47:42.244,40.28,10.0,13197.09,84.1,13212.98,37.6,3.13,662.77,662.77
2026-06-23T20:47:42.483,40.51,12.2,13198.11,84.1,13212.98,38.7,3.23,662.77,662.77
2026-06-23T20:47:42.718,40.75,11.1,13205.88,84.1,13212.98,41.9,3.49,662.77,662.77
2026-06-23T20:47:42.953,40.98,10.5,13206.41,84.1,13212.98,42.5,3.54,662.77,662.77
2026-06-23T20:47:43.199,41.23,15.2,13208.05,84.2,13212.98,41.3,3.44,662.77,662.77
2026-06-23T20:47:43.431,41.46,13.8,13210.23,84.2,13212.98,37.8,3.15,662.77,662.77
2026-06-23T20:47:43.669,41.7,13.8,13210.65,84.2,13212.98,42.2,3.52,662.77,662.77
2026-06-23T20:47:43.905,41.94,13.0,13213.87,84.2,13213.87,38.2,3.18,662.77,662.77
2026-06-23T20:47:44.156,42.19,22.7,13215.16,84.2,13215.16,43.7,3.64,662.77,662.77
2026-06-23T20:47:44.389,42.42,15.2,13213.71,84.2,13215.16,42.9,3.57,662.77,662.77
2026-06-23T20:47:44.628,42.66,13.9,13214.85,84.2,13215.16,37.8,3.15,662.78,662.78
2026-06-23T20:47:44.868,42.9,20.2,13266.14,84.5,13266.14,37.8,3.15,662.78,662.78
2026-06-23T20:47:45.102,43.13,15.8,13245.02,84.4,13266.14,38.1,3.18,662.78,662.78
2026-06-23T20:47:45.335,43.37,10.2,13244.7,84.4,13266.14,47.2,3.93,662.78,662.78
2026-06-23T20:47:45.568,43.6,10.2,13249.35,84.4,13266.14,43.0,3.58,662.78,662.78
2026-06-23T20:47:45.805,43.84,26.0,13210.82,84.2,13266.14,38.2,3.18,662.78,662.78
2026-06-23T20:47:46.040,44.07,11.5,13208.0,84.2,13266.14,42.5,3.54,662.78,662.78
2026-06-23T20:47:46.273,44.31,13.8,13192.09,84.1,13266.14,38.4,3.2,662.78,662.78
2026-06-23T20:47:46.507,44.54,12.6,13174.9,83.9,13266.14,38.5,3.21,662.78,662.78
2026-06-23T20:47:46.743,44.77,12.9,13177.3,84.0,13266.14,42.5,3.54,662.78,662.78
2026-06-23T20:47:46.976,45.01,10.2,13176.68,84.0,13266.14,34.3,2.86,662.78,662.78
2026-06-23T20:47:47.212,45.24,10.4,13176.36,84.0,13266.14,38.5,3.21,662.78,662.78
2026-06-23T20:47:47.446,45.48,10.8,13177.62,84.0,13266.14,38.1,3.18,662.78,662.78
2026-06-23T20:47:47.679,45.71,10.1,13176.9,84.0,13266.14,42.8,3.57,662.78,662.78
2026-06-23T20:47:47.914,45.95,10.9,13179.59,84.0,13266.14,47.0,3.92,662.78,662.78
2026-06-23T20:47:48.158,46.19,14.9,13179.45,84.0,13266.14,41.0,3.42,662.78,662.78
2026-06-23T20:47:48.396,46.43,14.8,13181.87,84.0,13266.14,38.0,3.17,662.78,662.78
2026-06-23T20:47:48.635,46.67,19.9,13184.7,84.0,13266.14,37.7,3.14,662.78,662.78
2026-06-23T20:47:48.873,46.91,20.7,13187.14,84.0,13266.14,46.1,3.84,662.78,662.78
2026-06-23T20:47:49.113,47.15,15.5,13189.45,84.0,13266.14,37.3,3.11,662.78,662.78
2026-06-23T20:47:49.347,47.38,17.8,13193.37,84.1,13266.14,38.4,3.2,662.78,662.78
2026-06-23T20:47:49.582,47.61,12.5,13195.0,84.1,13266.14,38.5,3.21,662.78,662.78
2026-06-23T20:47:49.816,47.85,11.2,13196.72,84.1,13266.14,42.7,3.56,662.78,662.78
2026-06-23T20:47:50.051,48.08,16.5,13195.77,84.1,13266.14,38.3,3.19,662.78,662.78
2026-06-23T20:47:50.286,48.32,16.7,13196.61,84.1,13266.14,42.7,3.56,662.78,662.78
2026-06-23T20:47:50.524,48.56,14.3,13198.7,84.1,13266.14,38.1,3.18,662.79,662.79
2026-06-23T20:47:50.757,48.79,12.8,13201.42,84.1,13266.14,42.4,3.53,662.79,662.79
2026-06-23T20:47:50.991,49.02,12.3,13202.96,84.1,13266.14,38.5,3.21,662.79,662.79
2026-06-23T20:47:51.226,49.26,12.0,13201.61,84.1,13266.14,42.6,3.55,662.79,662.79
2026-06-23T20:47:51.459,49.49,11.9,13202.86,84.1,13266.14,38.6,3.22,662.79,662.79
2026-06-23T20:47:51.693,49.72,10.5,13205.01,84.1,13266.14,38.5,3.21,662.79,662.79
2026-06-23T20:47:51.927,49.96,10.4,13203.56,84.1,13266.14,38.6,3.22,662.79,662.79
2026-06-23T20:47:52.162,50.19,30.2,13193.52,84.1,13266.14,42.6,3.55,662.79,662.79
2026-06-23T20:47:52.395,50.43,9.5,13195.96,84.1,13266.14,38.5,3.21,662.79,662.79
2026-06-23T20:47:52.639,50.67,13.1,13197.21,84.1,13266.14,37.5,3.12,662.79,662.79
2026-06-23T20:47:52.874,50.91,13.8,13195.13,84.1,13266.14,42.0,3.5,662.79,662.79
2026-06-23T20:47:53.108,51.14,13.4,13211.68,84.2,13266.14,38.5,3.21,662.79,662.79
2026-06-23T20:47:53.344,51.38,17.1,13215.41,84.2,13266.14,46.5,3.88,662.79,662.79
2026-06-23T20:47:53.578,51.61,18.2,13217.2,84.2,13266.14,38.5,3.21,662.79,662.79
2026-06-23T20:47:53.812,51.84,9.4,13217.1,84.2,13266.14,38.4,3.2,662.79,662.79
2026-06-23T20:47:54.046,52.08,10.9,13217.72,84.2,13266.14,38.5,3.21,662.8,662.8
2026-06-23T20:47:54.280,52.31,12.0,13218.36,84.2,13266.14,34.2,2.85,662.8,662.8
2026-06-23T20:47:54.513,52.54,12.7,13219.42,84.2,13266.14,38.5,3.21,662.8,662.8
2026-06-23T20:47:54.746,52.78,9.8,13228.98,84.3,13266.14,42.9,3.57,662.8,662.8
2026-06-23T20:47:54.980,53.01,11.5,13224.23,84.3,13266.14,38.5,3.21,662.8,662.8
2026-06-23T20:47:55.222,53.25,16.2,13191.91,84.1,13266.14,45.9,3.82,662.8,662.8
2026-06-23T20:47:55.458,53.49,11.5,13189.92,84.0,13266.14,42.1,3.51,662.8,662.8
2026-06-23T20:47:55.700,53.73,12.5,13192.34,84.1,13266.14,37.4,3.12,662.8,662.8
2026-06-23T20:47:55.937,53.97,13.9,13184.38,84.0,13266.14,37.9,3.16,662.8,662.8
2026-06-23T20:47:56.185,54.22,26.7,13207.24,84.1,13266.14,41.0,3.42,662.8,662.8
2026-06-23T20:47:56.419,54.45,21.0,13210.72,84.2,13266.14,41.7,3.48,662.8,662.8
2026-06-23T20:47:56.661,54.69,17.6,13214.58,84.2,13266.14,45.8,3.82,662.8,662.8
2026-06-23T20:47:56.900,54.93,18.0,13208.91,84.2,13266.14,42.0,3.5,662.8,662.8
2026-06-23T20:47:57.140,55.17,39.4,13146.53,83.8,13266.14,41.6,3.47,662.8,662.8
2026-06-23T20:47:57.380,55.41,33.3,13146.27,83.8,13266.14,45.9,3.82,662.8,662.8
2026-06-23T20:47:57.621,55.65,17.9,13153.17,83.8,13266.14,37.6,3.13,662.8,662.8
2026-06-23T20:47:57.857,55.89,17.6,13161.54,83.9,13266.14,75.3,6.27,663.06,663.06
2026-06-23T20:47:58.100,56.13,22.0,13208.92,84.2,13266.14,74.8,6.23,713.46,713.46
2026-06-23T20:47:58.337,56.37,11.4,13210.32,84.2,13266.14,37.9,3.16,713.46,713.46
2026-06-23T20:47:58.572,56.6,15.8,13215.9,84.2,13266.14,42.5,3.54,713.46,713.46
2026-06-23T20:47:58.813,56.84,23.8,13221.96,84.2,13266.14,41.7,3.48,713.46,713.46
2026-06-23T20:47:59.048,57.08,25.8,13211.85,84.2,13266.14,38.0,3.17,713.46,713.46
2026-06-23T20:47:59.284,57.32,11.7,13204.66,84.1,13266.14,38.1,3.18,713.46,713.46
2026-06-23T20:47:59.527,57.56,26.1,13175.35,83.9,13266.14,41.4,3.45,713.46,713.46
2026-06-23T20:47:59.771,57.8,19.4,13175.46,83.9,13266.14,41.6,3.47,713.46,713.46
2026-06-23T20:48:00.015,58.05,17.4,13184.06,84.0,13266.14,41.0,3.42,713.46,713.46
2026-06-23T20:48:00.255,58.29,15.5,13180.38,84.0,13266.14,41.2,3.43,713.46,713.46
2026-06-23T20:48:00.495,58.53,14.5,13178.52,84.0,13266.14,37.2,3.1,713.46,713.46
2026-06-23T20:48:00.728,58.76,18.5,13174.79,83.9,13266.14,38.4,3.2,713.46,713.46
2026-06-23T20:48:00.966,59.0,13.5,13173.16,83.9,13266.14,46.5,3.88,713.47,713.47
2026-06-23T20:48:01.201,59.23,12.5,13153.45,83.8,13266.14,42.6,3.55,713.48,713.48
2026-06-23T20:48:01.441,59.47,33.5,13160.11,83.8,13266.14,41.8,3.48,713.49,713.49
2026-06-23T20:48:01.729,59.76,57.5,13177.73,84.0,13266.14,35.5,2.96,713.5,713.5
2026-06-23T20:48:01.977,60.01,35.8,13202.62,84.1,13266.14,39.3,3.27,713.51,713.51
2026-06-23T20:48:02.229,60.26,21.8,13201.57,84.1,13266.14,47.8,3.98,713.52,713.52
2026-06-23T20:48:02.472,60.5,20.0,13204.07,84.1,13266.14,37.0,3.08,713.52,713.52
2026-06-23T20:48:02.714,60.75,18.4,13208.55,84.2,13266.14,41.3,3.44,713.54,713.54
2026-06-23T20:48:02.947,60.98,13.0,13205.76,84.1,13266.14,38.1,3.18,713.55,713.55
2026-06-23T20:48:03.184,61.22,25.3,13197.36,84.1,13266.14,38.1,3.18,713.57,713.57
2026-06-23T20:48:03.419,61.45,30.1,13193.82,84.1,13266.14,38.3,3.19,713.58,713.58
2026-06-23T20:48:03.654,61.69,17.0,13191.31,84.0,13266.14,42.4,3.53,713.59,713.59
2026-06-23T20:48:03.893,61.92,18.6,13188.8,84.0,13266.14,42.0,3.5,713.59,713.59
2026-06-23T20:48:04.131,62.16,14.6,13176.0,84.0,13266.14,42.3,3.53,713.59,713.59
2026-06-23T20:48:04.379,62.41,20.7,13195.16,84.1,13266.14,44.3,3.69,713.59,713.59
2026-06-23T20:48:04.617,62.65,21.3,13203.97,84.1,13266.14,37.5,3.12,713.59,713.59
2026-06-23T20:48:04.861,62.89,19.9,13197.46,84.1,13266.14,45.7,3.81,713.59,713.59
2026-06-23T20:48:05.106,63.14,26.9,13211.55,84.2,13266.14,41.0,3.42,713.59,713.59
2026-06-23T20:48:05.345,63.38,22.1,13215.51,84.2,13266.14,37.1,3.09,713.59,713.59
2026-06-23T20:48:05.583,63.61,18.1,13218.31,84.2,13266.14,37.9,3.16,713.59,713.59
2026-06-23T20:48:05.821,63.85,14.4,13221.29,84.2,13266.14,42.0,3.5,713.59,713.59
2026-06-23T20:48:06.074,64.11,28.2,13240.11,84.4,13266.14,44.3,3.69,713.59,713.59
2026-06-23T20:48:06.308,64.34,12.7,13245.28,84.4,13266.14,45.6,3.8,713.59,713.59
2026-06-23T20:48:06.543,64.58,13.3,13246.61,84.4,13266.14,38.4,3.2,713.59,713.59
2026-06-23T20:48:06.782,64.81,14.2,13249.23,84.4,13266.14,42.3,3.53,713.59,713.59
2026-06-23T20:48:07.022,65.05,17.5,13235.44,84.3,13266.14,37.6,3.13,713.59,713.59
2026-06-23T20:48:07.267,65.3,20.2,13275.31,84.6,13275.31,37.1,3.09,713.59,713.59
2026-06-23T20:48:07.519,65.55,31.6,13288.9,84.7,13288.9,43.8,3.65,713.59,713.59
2026-06-23T20:48:07.758,65.79,24.5,13296.36,84.7,13296.36,45.1,3.76,713.59,713.59
2026-06-23T20:48:07.997,66.03,16.0,13294.98,84.7,13296.36,37.9,3.16,713.59,713.59
2026-06-23T20:48:08.234,66.27,15.7,13270.07,84.5,13296.36,42.0,3.5,713.59,713.59
2026-06-23T20:48:08.472,66.5,16.4,13288.41,84.7,13296.36,42.1,3.51,713.59,713.59
2026-06-23T20:48:08.709,66.74,13.8,13291.34,84.7,13296.36,38.0,3.17,713.59,713.59
2026-06-23T20:48:08.948,66.98,14.9,13298.86,84.7,13298.86,37.7,3.14,713.59,713.59
2026-06-23T20:48:09.188,67.22,14.5,13172.2,83.9,13298.86,41.6,3.47,713.6,713.6
2026-06-23T20:48:09.425,67.46,13.7,13155.37,83.8,13298.86,46.0,3.83,713.6,713.6
2026-06-23T20:48:09.670,67.7,22.4,13173.75,83.9,13298.86,37.4,3.12,713.6,713.6
2026-06-23T20:48:09.907,67.94,19.2,13178.29,84.0,13298.86,37.5,3.12,713.6,713.6
2026-06-23T20:48:10.146,68.18,18.0,13168.08,83.9,13298.86,42.1,3.51,713.6,713.6
2026-06-23T20:48:10.387,68.42,17.7,13170.05,83.9,13298.86,37.3,3.11,713.6,713.6
2026-06-23T20:48:10.628,68.66,24.4,13170.93,83.9,13298.86,41.4,3.45,713.6,713.6
2026-06-23T20:48:10.869,68.9,37.9,13166.1,83.9,13298.86,41.5,3.46,713.6,713.6
2026-06-23T20:48:11.110,69.14,15.8,13125.93,83.6,13298.86,41.6,3.47,713.6,713.6
2026-06-23T20:48:11.345,69.38,15.5,13123.28,83.6,13298.86,46.4,3.87,713.6,713.6
2026-06-23T20:48:11.582,69.61,12.5,13126.42,83.6,13298.86,33.8,2.82,713.6,713.6
2026-06-23T20:48:11.822,69.85,14.9,13128.64,83.6,13298.86,41.8,3.48,713.6,713.6
2026-06-23T20:48:12.066,70.1,16.2,13127.26,83.6,13298.86,41.5,3.46,713.6,713.6
2026-06-23T20:48:12.307,70.34,13.8,13127.36,83.6,13298.86,37.0,3.08,713.6,713.6
2026-06-23T20:48:12.546,70.58,14.5,13129.38,83.7,13298.86,41.5,3.46,713.6,713.6
2026-06-23T20:48:12.783,70.81,12.9,13131.75,83.7,13298.86,38.1,3.18,713.6,713.6
2026-06-23T20:48:13.019,71.05,10.4,13131.23,83.7,13298.86,38.0,3.17,713.6,713.6
2026-06-23T20:48:13.256,71.29,12.2,13127.24,83.6,13298.86,38.1,3.18,713.6,713.6
2026-06-23T20:48:13.493,71.53,14.2,13128.06,83.6,13298.86,38.0,3.17,713.6,713.6
2026-06-23T20:48:13.728,71.76,13.3,13129.84,83.7,13298.86,38.2,3.18,713.6,713.6
2026-06-23T20:48:13.965,72.0,12.5,13138.16,83.7,13298.86,42.4,3.53,713.6,713.6
2026-06-23T20:48:14.208,72.24,19.2,13139.93,83.7,13298.86,45.8,3.82,713.6,713.6
2026-06-23T20:48:14.453,72.48,18.5,13142.15,83.7,13298.86,36.5,3.04,713.6,713.6
2026-06-23T20:48:14.693,72.73,17.5,13141.78,83.7,13298.86,37.4,3.12,713.6,713.6
2026-06-23T20:48:14.939,72.97,18.7,13136.8,83.7,13298.86,45.0,3.75,713.6,713.6
2026-06-23T20:48:15.182,73.21,21.7,13134.96,83.7,13298.86,44.9,3.74,713.6,713.6
2026-06-23T20:48:15.428,73.46,23.1,13134.11,83.7,13298.86,40.8,3.4,713.6,713.6
2026-06-23T20:48:15.674,73.71,21.8,13133.47,83.7,13298.86,45.1,3.76,713.6,713.6
2026-06-23T20:48:15.919,73.95,20.1,13134.45,83.7,13298.86,40.5,3.38,713.6,713.6
2026-06-23T20:48:16.156,74.19,20.4,13139.14,83.7,13298.86,83.5,6.96,715.59,715.59
2026-06-23T20:48:16.396,74.43,18.0,13186.26,84.0,13298.86,63.1,5.26,755.01,755.01
2026-06-23T20:48:16.661,74.69,29.3,13225.31,84.3,13298.86,42.8,3.57,755.01,755.01
2026-06-23T20:48:16.925,74.96,33.8,13261.98,84.5,13298.86,45.7,3.81,755.01,755.01
2026-06-23T20:48:17.186,75.22,37.0,13224.77,84.3,13298.86,52.3,4.36,755.01,755.01
2026-06-23T20:48:17.442,75.47,32.6,13235.36,84.3,13298.86,44.5,3.71,755.01,755.01
2026-06-23T20:48:17.709,75.74,31.8,13240.8,84.4,13298.86,41.3,3.44,755.01,755.01
2026-06-23T20:48:17.947,75.98,21.6,13253.41,84.4,13298.86,43.6,3.63,755.01,755.01
2026-06-23T20:48:18.182,76.21,9.7,13252.5,84.4,13298.86,38.2,3.18,755.01,755.01
2026-06-23T20:48:18.420,76.45,11.4,13245.96,84.4,13298.86,42.2,3.52,755.01,755.01
2026-06-23T20:48:18.654,76.69,10.1,13240.51,84.4,13298.86,38.3,3.19,755.01,755.01
2026-06-23T20:48:18.891,76.92,25.9,13235.51,84.3,13298.86,42.4,3.53,755.01,755.01
2026-06-23T20:48:19.137,77.17,15.1,13242.58,84.4,13298.86,40.9,3.41,755.01,755.01
2026-06-23T20:48:19.378,77.41,16.8,13242.6,84.4,13298.86,37.3,3.11,755.02,755.02
2026-06-23T20:48:19.617,77.65,12.1,13240.16,84.4,13298.86,37.6,3.13,755.02,755.02
2026-06-23T20:48:19.862,77.89,14.5,13242.85,84.4,13298.86,40.8,3.4,755.04,755.04
2026-06-23T20:48:20.100,78.13,14.1,13234.56,84.3,13298.86,37.6,3.13,755.05,755.05
2026-06-23T20:48:20.337,78.37,13.9,13233.99,84.3,13298.86,42.3,3.53,755.05,755.05
2026-06-23T20:48:20.599,78.63,26.3,13235.39,84.3,13298.86,36.5,3.04,755.06,755.06
2026-06-23T20:48:20.874,78.91,55.8,13283.18,84.6,13298.86,52.8,4.4,755.08,755.08
2026-06-23T20:48:21.118,79.15,31.0,13413.1,85.5,13413.1,40.3,3.36,755.09,755.09
2026-06-23T20:48:21.369,79.4,30.8,13318.62,84.9,13413.1,40.3,3.36,755.09,755.09
2026-06-23T20:48:21.621,79.65,37.0,13325.37,84.9,13413.1,44.1,3.68,755.11,755.11
2026-06-23T20:48:21.886,79.92,40.6,13331.25,84.9,13413.1,46.0,3.83,755.12,755.12
2026-06-23T20:48:22.152,80.18,46.8,13304.15,84.8,13413.1,51.9,4.33,755.13,755.13
2026-06-23T20:48:22.405,80.44,40.3,13319.27,84.9,13413.1,43.0,3.58,755.13,755.13
2026-06-23T20:48:22.652,80.68,27.8,13331.27,84.9,13413.1,44.1,3.68,755.13,755.13
2026-06-23T20:48:22.896,80.93,26.2,13339.65,85.0,13413.1,45.0,3.75,755.13,755.13
2026-06-23T20:48:23.139,81.17,21.0,13341.34,85.0,13413.1,45.1,3.76,755.13,755.13
2026-06-23T20:48:23.386,81.42,41.4,13339.45,85.0,13413.1,44.9,3.74,755.13,755.13
2026-06-23T20:48:23.636,81.67,35.0,13353.7,85.1,13413.1,44.5,3.71,755.13,755.13
2026-06-23T20:48:23.873,81.91,16.8,13369.16,85.2,13413.1,41.1,3.43,755.13,755.13
2026-06-23T20:48:24.116,82.15,22.1,13350.39,85.1,13413.1,41.2,3.43,755.13,755.13
2026-06-23T20:48:24.353,82.38,17.8,13356.42,85.1,13413.1,38.0,3.17,755.13,755.13
2026-06-23T20:48:24.590,82.62,14.2,13362.71,85.1,13413.1,38.0,3.17,755.13,755.13
2026-06-23T20:48:24.834,82.87,17.5,13366.08,85.2,13413.1,41.1,3.43,755.14,755.14
2026-06-23T20:48:25.101,83.13,63.3,13381.52,85.3,13413.1,41.7,3.48,755.14,755.14
2026-06-23T20:48:25.341,83.37,30.9,13385.84,85.3,13413.1,41.0,3.42,755.14,755.14
2026-06-23T20:48:25.591,83.62,29.4,13396.68,85.4,13413.1,44.9,3.74,755.14,755.14
2026-06-23T20:48:25.853,83.89,30.1,13414.56,85.5,13414.56,41.8,3.48,755.14,755.14
2026-06-23T20:48:26.152,84.18,61.0,13371.94,85.2,13414.56,43.2,3.6,755.14,755.14
2026-06-23T20:48:26.484,84.52,69.1,13415.14,85.5,13415.14,49.8,4.15,755.14,755.14
2026-06-23T20:48:26.786,84.82,54.8,13418.32,85.5,13418.32,52.2,4.35,755.14,755.14
2026-06-23T20:48:27.084,85.12,58.5,13347.89,85.0,13418.32,43.1,3.59,755.14,755.14
2026-06-23T20:48:27.327,85.36,22.3,13376.88,85.2,13418.32,44.0,3.67,755.14,755.14
2026-06-23T20:48:27.568,85.6,18.3,13548.82,86.3,13548.82,45.9,3.83,755.14,755.14
2026-06-23T20:48:27.808,85.84,17.7,13553.25,86.4,13553.25,37.4,3.12,755.14,755.14
2026-06-23T20:48:28.048,86.08,14.3,13519.25,86.1,13553.25,45.8,3.82,755.14,755.14
2026-06-23T20:48:28.289,86.32,15.7,13523.27,86.2,13553.25,37.5,3.12,755.14,755.14
2026-06-23T20:48:28.536,86.57,29.4,13539.66,86.3,13553.25,41.1,3.43,755.14,755.14
2026-06-23T20:48:28.785,86.82,31.3,13561.39,86.4,13561.39,43.5,3.62,755.14,755.14
2026-06-23T20:48:29.041,87.07,25.6,13410.44,85.4,13561.39,43.8,3.65,755.14,755.14
2026-06-23T20:48:29.283,87.31,22.7,13513.88,86.1,13561.39,40.9,3.41,755.14,755.14
2026-06-23T20:48:29.520,87.55,15.4,13574.12,86.5,13574.12,41.7,3.48,755.14,755.14
2026-06-23T20:48:29.758,87.79,14.0,13589.13,86.6,13589.13,37.9,3.16,755.14,755.14
2026-06-23T20:48:30.005,88.04,19.7,13585.45,86.6,13589.13,37.1,3.09,755.14,755.14
2026-06-23T20:48:30.251,88.28,22.8,13526.28,86.2,13589.13,40.0,3.33,755.14,755.14
2026-06-23T20:48:30.497,88.53,30.7,13544.39,86.3,13589.13,44.8,3.73,755.14,755.14
2026-06-23T20:48:30.745,88.78,49.5,13566.92,86.4,13589.13,40.7,3.39,755.14,755.14
2026-06-23T20:48:30.985,89.02,21.9,13581.07,86.5,13589.13,41.0,3.42,755.14,755.14
2026-06-23T20:48:31.227,89.26,17.1,13535.45,86.2,13589.13,41.8,3.48,755.14,755.14
2026-06-23T20:48:31.464,89.5,13.6,13544.59,86.3,13589.13,41.6,3.47,755.14,755.14
2026-06-23T20:48:31.705,89.74,18.6,13551.26,86.3,13589.13,37.4,3.12,755.14,755.14
2026-06-23T20:48:31.946,89.98,16.9,13568.63,86.5,13589.13,41.5,3.46,755.14,755.14
2026-06-23T20:48:32.185,90.22,16.7,13512.79,86.1,13589.13,37.7,3.14,755.14,755.14
2026-06-23T20:48:32.428,90.46,17.7,13530.67,86.2,13589.13,37.4,3.12,755.14,755.14
2026-06-23T20:48:32.670,90.7,16.6,13544.02,86.3,13589.13,41.0,3.42,755.15,755.15
2026-06-23T20:48:32.908,90.94,15.5,13555.89,86.4,13589.13,41.8,3.48,755.15,755.15
2026-06-23T20:48:33.147,91.18,13.4,13470.88,85.8,13589.13,37.9,3.16,755.15,755.15
2026-06-23T20:48:33.386,91.42,16.4,13457.67,85.7,13589.13,41.8,3.48,755.15,755.15
2026-06-23T20:48:33.631,91.66,18.2,13473.94,85.8,13589.13,37.1,3.09,755.15,755.15
2026-06-23T20:48:33.872,91.9,15.6,13488.13,85.9,13589.13,41.2,3.43,755.15,755.15
2026-06-23T20:48:34.113,92.14,17.3,13444.78,85.7,13589.13,41.4,3.45,755.15,755.15
2026-06-23T20:48:34.354,92.39,16.9,13460.68,85.8,13589.13,37.4,3.12,755.15,755.15
2026-06-23T20:48:34.601,92.63,41.2,13469.41,85.8,13589.13,40.5,3.38,755.15,755.15
2026-06-23T20:48:34.859,92.89,33.1,13504.19,86.0,13589.13,42.9,3.57,755.15,755.15
2026-06-23T20:48:35.102,93.13,31.3,13458.66,85.8,13589.13,45.1,3.76,755.15,755.15
2026-06-23T20:48:35.344,93.38,24.6,13488.04,85.9,13589.13,37.0,3.08,755.15,755.15
2026-06-23T20:48:35.583,93.62,17.4,13496.62,86.0,13589.13,46.1,3.84,755.15,755.15
2026-06-23T20:48:35.826,93.86,15.3,13514.35,86.1,13589.13,41.6,3.47,755.15,755.15
2026-06-23T20:48:36.066,94.1,15.8,13445.88,85.7,13589.13,37.1,3.09,755.15,755.15
2026-06-23T20:48:36.306,94.34,16.7,13463.46,85.8,13589.13,41.6,3.47,755.15,755.15
2026-06-23T20:48:36.544,94.58,13.4,13464.98,85.8,13589.13,37.7,3.14,755.15,755.15
2026-06-23T20:48:36.784,94.82,13.1,13479.23,85.9,13589.13,41.6,3.47,755.16,755.16
2026-06-23T20:48:37.025,95.06,12.4,13437.79,85.6,13589.13,41.9,3.49,755.16,755.16
2026-06-23T20:48:37.264,95.3,12.8,13441.22,85.6,13589.13,37.3,3.11,755.16,755.16
2026-06-23T20:48:37.505,95.54,16.8,13455.71,85.7,13589.13,74.4,6.2,754.23,755.16
2026-06-23T20:48:37.746,95.78,14.6,13503.84,86.0,13589.13,78.9,6.58,800.91,800.91
2026-06-23T20:48:37.987,96.02,17.8,13502.33,86.0,13589.13,37.4,3.12,800.91,800.91
2026-06-23T20:48:38.240,96.27,16.7,13460.91,85.8,13589.13,45.0,3.75,800.91,800.91
2026-06-23T20:48:38.487,96.52,25.0,13475.29,85.9,13589.13,39.4,3.28,800.91,800.91
2026-06-23T20:48:38.726,96.76,19.4,13498.51,86.0,13589.13,41.5,3.46,800.91,800.91
2026-06-23T20:48:38.966,97.0,12.0,13510.3,86.1,13589.13,41.8,3.48,800.91,800.91
2026-06-23T20:48:39.206,97.24,13.0,13467.43,85.8,13589.13,37.5,3.12,800.91,800.91
2026-06-23T20:48:39.448,97.48,12.5,13482.28,85.9,13589.13,41.2,3.43,800.91,800.91
2026-06-23T20:48:39.689,97.72,16.8,13497.3,86.0,13589.13,41.5,3.46,800.91,800.91
2026-06-23T20:48:39.929,97.96,13.8,13510.03,86.1,13589.13,33.5,2.79,800.91,800.91
2026-06-23T20:48:40.168,98.2,15.5,13471.9,85.8,13589.13,41.5,3.46,800.92,800.92
2026-06-23T20:48:40.409,98.44,12.0,13453.58,85.7,13589.13,37.4,3.12,800.92,800.92
2026-06-23T20:48:40.653,98.68,16.7,13469.38,85.8,13589.13,36.9,3.07,800.93,800.93
2026-06-23T20:48:40.892,98.92,11.9,13484.62,85.9,13589.13,41.8,3.48,800.93,800.93
2026-06-23T20:48:41.132,99.16,11.7,13445.14,85.7,13589.13,45.8,3.82,800.95,800.95
2026-06-23T20:48:41.375,99.41,20.9,13466.54,85.8,13589.13,37.2,3.1,800.95,800.95
2026-06-23T20:48:41.619,99.65,21.4,13485.12,85.9,13589.13,45.2,3.77,800.96,800.96
2026-06-23T20:48:41.862,99.89,13.9,13492.47,86.0,13589.13,36.9,3.07,800.97,800.97
2026-06-23T20:48:42.100,100.13,11.7,13444.4,85.7,13589.13,41.7,3.48,800.98,800.98
2026-06-23T20:48:42.340,100.37,12.6,13457.09,85.7,13589.13,41.7,3.48,800.99,800.99
2026-06-23T20:48:42.580,100.61,11.3,13463.33,85.8,13589.13,33.4,2.78,801.0,801.0
2026-06-23T20:48:42.820,100.85,12.4,13479.44,85.9,13589.13,42.2,3.52,801.02,801.02
2026-06-23T20:48:43.065,101.1,14.8,13451.3,85.7,13589.13,36.7,3.06,801.04,801.04
2026-06-23T20:48:43.304,101.34,13.1,13464.05,85.8,13589.13,45.5,3.79,801.04,801.04
2026-06-23T20:48:43.540,101.57,33.7,13476.38,85.9,13589.13,38.1,3.18,801.04,801.04
2026-06-23T20:48:43.781,101.81,28.1,13484.01,85.9,13589.13,41.8,3.48,801.04,801.04
2026-06-23T20:48:44.019,102.05,11.3,13489.57,85.9,13589.13,41.7,3.48,801.04,801.04
2026-06-23T20:48:44.256,102.29,11.8,13450.14,85.7,13589.13,37.8,3.15,801.04,801.04
2026-06-23T20:48:44.492,102.52,11.1,13464.55,85.8,13589.13,38.1,3.18,801.04,801.04
2026-06-23T20:48:44.728,102.76,12.9,13477.16,85.9,13589.13,38.3,3.19,801.04,801.04
2026-06-23T20:48:44.965,103.0,14.7,13493.56,86.0,13589.13,37.9,3.16,801.04,801.04
2026-06-23T20:48:45.201,103.23,18.5,13447.33,85.7,13589.13,38.0,3.17,801.04,801.04
2026-06-23T20:48:45.444,103.48,19.4,13445.17,85.7,13589.13,46.0,3.83,801.04,801.04
2026-06-23T20:48:45.681,103.71,16.8,13461.9,85.8,13589.13,37.6,3.13,801.04,801.04
2026-06-23T20:48:45.919,103.95,16.7,13478.93,85.9,13589.13,37.9,3.16,801.04,801.04
2026-06-23T20:48:46.157,104.19,16.3,13441.14,85.6,13589.13,46.1,3.84,801.04,801.04
2026-06-23T20:48:46.394,104.43,12.1,13454.19,85.7,13589.13,42.1,3.51,801.04,801.04
2026-06-23T20:48:46.637,104.67,14.2,13467.7,85.8,13589.13,37.2,3.1,801.04,801.04
2026-06-23T20:48:46.875,104.91,12.1,13482.83,85.9,13589.13,37.8,3.15,801.04,801.04
2026-06-23T20:48:47.112,105.14,12.5,13420.4,85.5,13589.13,37.9,3.16,801.04,801.04
2026-06-23T20:48:47.350,105.38,13.1,13466.46,85.8,13589.13,38.0,3.17,801.04,801.04
2026-06-23T20:48:47.588,105.62,12.5,13484.96,85.9,13589.13,37.6,3.13,801.04,801.04
2026-06-23T20:48:47.830,105.86,24.3,13499.44,86.0,13589.13,41.8,3.48,801.05,801.05
2026-06-23T20:48:48.066,106.1,14.2,13459.29,85.8,13589.13,46.0,3.83,801.05,801.05
2026-06-23T20:48:48.306,106.34,12.5,13473.91,85.8,13589.13,42.0,3.5,801.05,801.05
2026-06-23T20:48:48.545,106.58,15.9,13491.26,86.0,13589.13,37.6,3.13,801.05,801.05
2026-06-23T20:48:48.783,106.81,13.5,13506.23,86.1,13589.13,41.8,3.48,801.05,801.05
2026-06-23T20:48:49.021,107.05,12.0,13442.81,85.7,13589.13,33.8,2.82,801.05,801.05
2026-06-23T20:48:49.262,107.29,12.6,13458.68,85.8,13589.13,41.4,3.45,801.05,801.05
2026-06-23T20:48:49.500,107.53,12.5,13474.64,85.9,13589.13,37.7,3.14,801.05,801.05
2026-06-23T20:48:49.738,107.77,11.4,13484.58,85.9,13589.13,42.1,3.51,801.05,801.05
2026-06-23T20:48:49.976,108.01,12.1,13496.55,86.0,13589.13,42.1,3.51,801.05,801.05
2026-06-23T20:48:50.214,108.25,12.0,13451.68,85.7,13589.13,37.6,3.13,801.05,801.05
2026-06-23T20:48:50.454,108.49,12.4,13468.42,85.8,13589.13,37.6,3.13,801.05,801.05
2026-06-23T20:48:50.692,108.72,14.2,13484.73,85.9,13589.13,37.8,3.15,801.05,801.05
2026-06-23T20:48:50.933,108.96,15.7,13506.55,86.1,13589.13,41.6,3.47,801.05,801.05
2026-06-23T20:48:51.176,109.21,15.3,13453.64,85.7,13589.13,37.2,3.1,801.05,801.05
2026-06-23T20:48:51.414,109.45,11.8,13472.05,85.8,13589.13,45.8,3.82,801.05,801.05
2026-06-23T20:48:51.654,109.69,33.7,13432.36,85.6,13589.13,41.7,3.48,801.05,801.05
2026-06-23T20:48:51.892,109.92,11.0,13443.81,85.7,13589.13,37.9,3.16,801.05,801.05
2026-06-23T20:48:52.129,110.16,12.5,13391.58,85.3,13589.13,37.9,3.16,801.05,801.05
2026-06-23T20:48:52.371,110.4,28.4,13400.25,85.4,13589.13,45.6,3.8,801.05,801.05
2026-06-23T20:48:52.612,110.64,15.7,13415.61,85.5,13589.13,37.3,3.11,801.05,801.05
2026-06-23T20:48:52.853,110.88,12.9,13427.81,85.6,13589.13,37.2,3.1,801.05,801.05
2026-06-23T20:48:53.098,111.13,14.5,13389.94,85.3,13589.13,41.1,3.43,801.05,801.05
2026-06-23T20:48:53.339,111.37,13.6,13403.18,85.4,13589.13,37.3,3.11,801.05,801.05
2026-06-23T20:48:53.579,111.61,11.7,13421.15,85.5,13589.13,37.5,3.12,801.05,801.05
2026-06-23T20:48:53.817,111.85,12.7,13432.55,85.6,13589.13,41.8,3.48,801.05,801.05
2026-06-23T20:48:54.058,112.09,12.6,13387.58,85.3,13589.13,37.3,3.11,801.05,801.05
2026-06-23T20:48:54.297,112.33,11.7,13396.79,85.4,13589.13,37.8,3.15,801.05,801.05
2026-06-23T20:48:54.535,112.57,12.0,13410.42,85.4,13589.13,46.0,3.83,801.05,801.05
2026-06-23T20:48:54.773,112.8,13.1,13427.11,85.6,13589.13,38.0,3.17,801.05,801.05
2026-06-23T20:48:55.010,113.04,11.4,13440.61,85.6,13589.13,37.8,3.15,801.05,801.05
2026-06-23T20:48:55.251,113.28,17.1,13392.55,85.3,13589.13,37.4,3.12,801.05,801.05
2026-06-23T20:48:55.490,113.52,12.0,13409.54,85.4,13589.13,41.8,3.48,801.05,801.05
2026-06-23T20:48:55.729,113.76,14.2,13426.2,85.5,13589.13,42.0,3.5,801.05,801.05
2026-06-23T20:48:55.968,114.0,15.2,13444.98,85.7,13589.13,37.7,3.14,801.05,801.05
2026-06-23T20:48:56.225,114.26,19.5,13420.1,85.5,13589.13,66.7,5.56,800.05,801.05
2026-06-23T20:48:56.479,114.51,16.9,13480.21,85.9,13589.13,82.2,6.85,843.16,843.16
2026-06-23T20:48:56.718,114.75,13.2,13501.46,86.0,13589.13,37.6,3.13,843.16,843.16
2026-06-23T20:48:56.967,115.0,14.3,13519.08,86.1,13589.13,40.6,3.38,843.16,843.16
2026-06-23T20:48:57.207,115.24,29.5,13435.05,85.6,13589.13,45.7,3.81,843.16,843.16
2026-06-23T20:48:57.448,115.48,16.7,13455.38,85.7,13589.13,37.2,3.1,843.16,843.16
2026-06-23T20:48:57.692,115.72,20.8,13477.9,85.9,13589.13,37.1,3.09,843.16,843.16
2026-06-23T20:48:57.934,115.97,42.1,13498.14,86.0,13589.13,41.3,3.44,843.16,843.16
2026-06-23T20:48:58.174,116.21,13.4,13454.11,85.7,13589.13,45.4,3.78,843.16,843.16
2026-06-23T20:48:58.421,116.45,12.7,13473.5,85.8,13589.13,40.8,3.4,843.16,843.16
2026-06-23T20:48:58.665,116.7,13.9,13492.68,86.0,13589.13,37.1,3.09,843.16,843.16
2026-06-23T20:48:58.904,116.94,12.1,13509.38,86.1,13589.13,41.5,3.46,843.16,843.16
2026-06-23T20:48:59.144,117.18,12.0,13460.9,85.8,13589.13,37.4,3.12,843.16,843.16
2026-06-23T20:48:59.384,117.42,13.0,13475.96,85.9,13589.13,41.6,3.47,843.16,843.16
2026-06-23T20:48:59.632,117.66,18.4,13494.55,86.0,13589.13,40.7,3.39,843.17,843.17
2026-06-23T20:48:59.873,117.9,15.4,13512.82,86.1,13589.13,37.2,3.1,843.18,843.18
2026-06-23T20:49:00.112,118.14,13.9,13428.8,85.6,13589.13,37.3,3.11,843.19,843.19
2026-06-23T20:49:00.352,118.38,12.6,13446.25,85.7,13589.13,45.8,3.82,843.2,843.2
2026-06-23T20:49:00.591,118.62,12.8,13460.63,85.8,13589.13,37.8,3.15,843.21,843.21
2026-06-23T20:49:00.830,118.86,12.7,13473.85,85.8,13589.13,37.9,3.16,843.21,843.21
2026-06-23T20:49:01.071,119.1,13.7,13422.08,85.5,13589.13,41.3,3.44,843.23,843.23
2026-06-23T20:49:01.309,119.34,13.8,13442.77,85.7,13589.13,46.1,3.84,843.24,843.24
2026-06-23T20:49:01.548,119.58,16.6,13461.91,85.8,13589.13,37.7,3.14,843.25,843.25
2026-06-23T20:49:01.788,119.82,12.4,13479.0,85.9,13589.13,37.7,3.14,843.26,843.26
2026-06-23T20:49:02.029,120.06,13.3,13429.05,85.6,13589.13,37.7,3.14,843.28,843.28
2026-06-23T20:49:02.271,120.3,25.3,13445.0,85.7,13589.13,40.8,3.4,843.29,843.29
2026-06-23T20:49:02.512,120.54,13.4,13459.65,85.8,13589.13,37.5,3.12,843.29,843.29
2026-06-23T20:49:02.750,120.78,12.8,13476.11,85.9,13589.13,41.9,3.49,843.29,843.29
2026-06-23T20:49:02.996,121.03,15.1,13487.82,85.9,13589.13,41.1,3.43,843.29,843.29
2026-06-23T20:49:03.236,121.27,12.4,13428.59,85.6,13589.13,41.5,3.46,843.29,843.29
2026-06-23T20:49:03.475,121.51,15.2,13440.52,85.6,13589.13,37.4,3.12,843.29,843.29
2026-06-23T20:49:03.714,121.75,12.4,13461.09,85.8,13589.13,37.6,3.13,843.29,843.29
2026-06-23T20:49:03.952,121.98,11.4,13481.23,85.9,13589.13,37.8,3.15,843.29,843.29
2026-06-23T20:49:04.191,122.22,12.4,13425.03,85.5,13589.13,42.0,3.5,843.29,843.29
2026-06-23T20:49:04.432,122.46,17.8,13456.38,85.7,13589.13,37.5,3.12,843.29,843.29
2026-06-23T20:49:04.671,122.7,13.0,13472.41,85.8,13589.13,41.6,3.47,843.29,843.29
2026-06-23T20:49:04.909,122.94,11.7,13492.51,86.0,13589.13,46.2,3.85,843.29,843.29
2026-06-23T20:49:05.146,123.18,12.1,13442.06,85.6,13589.13,37.9,3.16,843.29,843.29
2026-06-23T20:49:05.385,123.42,28.1,13431.25,85.6,13589.13,42.0,3.5,843.29,843.29
2026-06-23T20:49:05.629,123.66,12.5,13447.64,85.7,13589.13,37.0,3.08,843.29,843.29
2026-06-23T20:49:05.878,123.91,21.7,13464.91,85.8,13589.13,40.5,3.38,843.29,843.29
2026-06-23T20:49:06.123,124.16,33.2,13477.09,85.9,13589.13,44.7,3.73,843.29,843.29
2026-06-23T20:49:06.364,124.4,18.7,13478.94,85.9,13589.13,45.2,3.77,843.29,843.29
2026-06-23T20:49:06.607,124.64,13.0,13500.25,86.0,13589.13,41.4,3.45,843.29,843.29
2026-06-23T20:49:06.859,124.89,35.6,13316.33,84.8,13589.13,36.0,3.0,843.29,843.29
2026-06-23T20:49:07.106,125.14,15.9,13414.57,85.5,13589.13,40.2,3.35,843.29,843.29
2026-06-23T20:49:07.348,125.38,16.5,13431.4,85.6,13589.13,45.3,3.78,843.29,843.29
2026-06-23T20:49:07.591,125.62,12.5,13451.44,85.7,13589.13,37.1,3.09,843.3,843.3
2026-06-23T20:49:07.834,125.87,12.5,13474.05,85.8,13589.13,37.1,3.09,843.3,843.3
2026-06-23T20:49:08.104,126.14,36.1,13256.43,84.5,13589.13,42.8,3.57,843.3,843.3
2026-06-23T20:49:08.345,126.38,15.8,13272.23,84.6,13589.13,39.2,3.27,843.3,843.3
2026-06-23T20:49:08.584,126.62,12.3,13285.69,84.6,13589.13,37.5,3.12,843.3,843.3
2026-06-23T20:49:08.824,126.86,11.6,13335.3,85.0,13589.13,41.9,3.49,843.3,843.3
2026-06-23T20:49:09.070,127.1,13.5,13343.63,85.0,13589.13,37.0,3.08,843.3,843.3
2026-06-23T20:49:09.308,127.34,13.1,13346.73,85.0,13589.13,41.3,3.44,843.3,843.3
2026-06-23T20:49:09.548,127.58,12.0,13352.16,85.1,13589.13,37.6,3.13,843.3,843.3
2026-06-23T20:49:09.787,127.82,12.1,13358.94,85.1,13589.13,37.7,3.14,843.3,843.3
2026-06-23T20:49:10.034,128.07,26.0,13322.02,84.9,13589.13,45.3,3.77,843.3,843.3
2026-06-23T20:49:10.273,128.31,13.8,13334.07,85.0,13589.13,41.0,3.42,843.3,843.3
2026-06-23T20:49:10.518,128.55,17.9,13356.33,85.1,13589.13,41.0,3.42,843.3,843.3
2026-06-23T20:49:10.758,128.79,18.9,13357.79,85.1,13589.13,37.3,3.11,843.3,843.3
2026-06-23T20:49:11.000,129.03,12.5,13357.73,85.1,13589.13,41.4,3.45,843.3,843.3
2026-06-23T20:49:11.239,129.27,13.1,13333.05,85.0,13589.13,37.8,3.15,843.3,843.3
2026-06-23T20:49:11.477,129.51,12.1,13336.88,85.0,13589.13,37.6,3.13,843.3,843.3
2026-06-23T20:49:11.717,129.75,12.9,13338.33,85.0,13589.13,41.7,3.48,843.3,843.3
2026-06-23T20:49:11.956,129.99,14.2,13343.77,85.0,13589.13,41.9,3.49,843.3,843.3
2026-06-23T20:49:12.205,130.24,20.3,13276.02,84.6,13589.13,36.5,3.04,843.3,843.3
2026-06-23T20:49:12.455,130.49,22.4,13297.17,84.7,13589.13,47.9,3.99,843.3,843.3
2026-06-23T20:49:12.697,130.73,22.9,13303.31,84.8,13589.13,36.9,3.07,843.3,843.3
2026-06-23T20:49:12.944,130.98,32.1,13334.74,85.0,13589.13,45.3,3.78,843.43,843.43
2026-06-23T20:49:13.188,131.22,28.7,13323.94,84.9,13589.13,0.0,0.0,843.43,843.43
2026-06-23T20:49:13.428,131.46,10.9,13328.79,84.9,13589.13,0.0,0.0,843.43,843.43
2026-06-23T20:49:13.668,131.7,8.1,13334.02,85.0,13589.13,0.0,0.0,843.43,843.43
2026-06-23T20:49:13.910,131.94,15.0,13342.96,85.0,13589.13,0.0,0.0,843.43,843.43
2026-06-23T20:49:14.148,132.18,10.8,13301.07,84.7,13589.13,4.2,0.35,843.43,843.43
2026-06-23T20:49:14.385,132.42,12.0,13311.71,84.8,13589.13,0.0,0.0,843.43,843.43
2026-06-23T20:49:14.640,132.67,14.2,13326.15,84.9,13589.13,0.0,0.0,843.43,843.43
2026-06-23T20:49:14.882,132.91,24.0,13352.94,85.1,13589.13,0.0,0.0,843.43,843.43
2026-06-23T20:49:15.123,133.15,9.2,13344.09,85.0,13589.13,0.0,0.0,843.43,843.43
2026-06-23T20:49:15.360,133.39,7.1,13344.52,85.0,13589.13,0.0,0.0,843.43,843.43
2026-06-23T20:49:15.599,133.63,38.2,13334.28,85.0,13589.13,0.0,0.0,843.43,843.43
2026-06-23T20:49:15.838,133.87,8.2,13336.08,85.0,13589.13,0.0,0.0,843.43,843.43
2026-06-23T20:49:16.081,134.11,23.2,13341.22,85.0,13589.13,0.0,0.0,843.43,843.43
2026-06-23T20:49:16.319,134.35,17.3,13323.8,84.9,13589.13,0.0,0.0,843.43,843.43
2026-06-23T20:49:16.558,134.59,8.5,13328.87,84.9,13589.13,0.0,0.0,843.43,843.43
2026-06-23T20:49:16.795,134.83,9.3,13332.4,84.9,13589.13,0.0,0.0,843.43,843.43
2026-06-23T20:49:17.037,135.07,8.7,13334.44,85.0,13589.13,4.2,0.35,843.43,843.43
2026-06-23T20:49:17.276,135.31,15.3,13309.68,84.8,13589.13,0.0,0.0,843.43,843.43
2026-06-23T20:49:17.514,135.55,8.2,13308.1,84.8,13589.13,0.0,0.0,843.43,843.43
2026-06-23T20:49:17.750,135.78,6.1,13310.78,84.8,13589.13,0.0,0.0,843.43,843.43
2026-06-23T20:49:17.988,136.02,10.2,13318.34,84.9,13589.13,0.0,0.0,843.43,843.43
2026-06-23T20:49:18.248,136.28,18.0,12926.91,82.4,13589.13,83.1,6.92,843.71,843.71
2026-06-23T20:49:18.466,136.5,7.0,12641.8,80.5,13589.13,4.0,0.33,56.38,843.71
2026-06-23T20:49:18.687,136.72,14.9,12660.99,80.7,13589.13,4.6,0.38,83.53,843.71
2026-06-23T20:49:18.912,136.94,17.9,12663.82,80.7,13589.13,13.4,1.12,100.35,843.71
2026-06-23T20:49:19.142,137.17,21.6,12713.37,81.0,13589.13,101.1,8.42,216.47,843.71
2026-06-23T20:49:19.376,137.41,24.5,12747.15,81.2,13589.13,103.5,8.62,247.9,843.71
2026-06-23T20:49:19.614,137.65,34.4,12877.38,82.0,13589.13,102.6,8.55,256.86,843.71
2026-06-23T20:49:19.856,137.89,17.9,12897.84,82.2,13589.13,58.3,4.86,507.19,843.71
2026-06-23T20:49:20.096,138.13,14.8,12821.5,81.7,13589.13,62.3,5.19,507.31,843.71
2026-06-23T20:49:20.346,138.38,19.6,12819.6,81.7,13589.13,40.0,3.33,507.41,843.71
2026-06-23T20:49:20.586,138.62,26.1,12802.48,81.6,13589.13,54.5,4.54,507.5,843.71
2026-06-23T20:49:20.824,138.86,13.9,12797.14,81.5,13589.13,41.9,3.49,503.63,843.71
2026-06-23T20:49:21.062,139.09,12.4,12856.93,81.9,13589.13,45.9,3.82,540.61,843.71
2026-06-23T20:49:21.306,139.34,16.8,12870.76,82.0,13589.13,20.9,1.74,540.81,843.71
2026-06-23T20:49:21.546,139.58,30.4,12880.31,82.1,13589.13,49.6,4.13,542.76,843.71
2026-06-23T20:49:21.790,139.82,20.7,12899.47,82.2,13589.13,45.3,3.77,542.76,843.71
2026-06-23T20:49:22.034,140.07,19.0,12884.54,82.1,13589.13,41.0,3.42,541.76,843.71
2026-06-23T20:49:22.272,140.3,10.4,12863.46,82.0,13589.13,37.6,3.13,541.76,843.71
2026-06-23T20:49:22.509,140.54,16.4,12902.15,82.2,13589.13,38.0,3.17,541.76,843.71
2026-06-23T20:49:22.746,140.78,11.6,12909.05,82.2,13589.13,46.4,3.87,541.77,843.71
2026-06-23T20:49:22.986,141.02,9.9,12913.71,82.3,13589.13,37.9,3.16,541.77,843.71
2026-06-23T20:49:23.223,141.25,9.6,12902.68,82.2,13589.13,37.5,3.12,541.77,843.71
2026-06-23T20:49:23.469,141.5,26.1,12912.47,82.3,13589.13,102.6,8.55,551.46,843.71
2026-06-23T20:49:23.713,141.75,18.1,12917.84,82.3,13589.13,40.9,3.41,551.46,843.71
2026-06-23T20:49:23.971,142.0,53.3,12921.71,82.3,13589.13,44.0,3.67,551.46,843.71
2026-06-23T20:49:24.217,142.25,60.1,12935.19,82.4,13589.13,47.5,3.96,551.46,843.71
2026-06-23T20:49:24.455,142.49,18.6,12950.03,82.5,13589.13,41.7,3.48,551.46,843.71
2026-06-23T20:49:24.692,142.72,15.3,12961.64,82.6,13589.13,42.2,3.52,551.46,843.71
2026-06-23T20:49:24.928,142.96,12.9,12959.63,82.6,13589.13,38.1,3.18,551.46,843.71
2026-06-23T20:49:25.166,143.2,12.1,12963.95,82.6,13589.13,38.1,3.18,551.46,843.71
2026-06-23T20:49:25.404,143.44,12.5,12969.13,82.6,13589.13,37.7,3.14,551.46,843.71
2026-06-23T20:49:25.644,143.68,24.9,13074.78,83.3,13589.13,108.7,9.06,551.55,843.71
2026-06-23T20:49:25.882,143.91,11.0,12917.56,82.3,13589.13,37.8,3.15,551.55,843.71
2026-06-23T20:49:26.119,144.15,11.7,12887.91,82.1,13589.13,42.1,3.51,551.55,843.71
2026-06-23T20:49:26.356,144.39,10.6,12887.93,82.1,13589.13,37.9,3.16,551.55,843.71
2026-06-23T20:49:26.593,144.62,11.1,12890.87,82.1,13589.13,38.0,3.17,551.55,843.71
2026-06-23T20:49:26.830,144.86,10.7,12888.86,82.1,13589.13,42.3,3.52,551.55,843.71
2026-06-23T20:49:27.070,145.1,19.0,12871.9,82.0,13589.13,37.6,3.13,551.55,843.71
2026-06-23T20:49:27.310,145.34,18.9,12877.66,82.0,13589.13,37.6,3.13,551.55,843.71
2026-06-23T20:49:27.554,145.59,16.2,12893.77,82.2,13589.13,49.1,4.09,551.61,843.71
2026-06-23T20:49:27.809,145.84,36.8,13154.8,83.8,13589.13,105.5,8.79,551.79,843.71
2026-06-23T20:49:28.059,146.09,40.1,13164.55,83.9,13589.13,46.8,3.9,551.79,843.71
2026-06-23T20:49:28.298,146.33,14.0,13168.5,83.9,13589.13,37.2,3.1,551.79,843.71
2026-06-23T20:49:28.551,146.58,36.9,12945.16,82.5,13589.13,40.4,3.37,551.79,843.71
2026-06-23T20:49:28.791,146.82,23.7,12975.61,82.7,13589.13,40.9,3.41,551.79,843.71
2026-06-23T20:49:29.030,147.06,29.8,12975.59,82.7,13589.13,37.5,3.12,551.79,843.71
2026-06-23T20:49:29.267,147.3,12.9,12974.21,82.7,13589.13,38.0,3.17,551.79,843.71
2026-06-23T20:49:29.503,147.53,13.9,12975.76,82.7,13589.13,46.5,3.88,551.79,843.71
2026-06-23T20:49:29.751,147.78,37.2,12951.55,82.5,13589.13,53.0,4.42,541.7,843.71
2026-06-23T20:49:29.992,148.02,30.0,12961.19,82.6,13589.13,95.0,7.92,551.93,843.71
2026-06-23T20:49:30.233,148.26,20.4,12929.81,82.4,13589.13,45.5,3.79,551.93,843.71
2026-06-23T20:49:30.471,148.5,13.1,12917.9,82.3,13589.13,33.7,2.81,551.93,843.71
2026-06-23T20:49:30.707,148.74,10.7,12920.26,82.3,13589.13,38.0,3.17,551.93,843.71
2026-06-23T20:49:30.948,148.98,15.4,12922.47,82.3,13589.13,41.6,3.47,551.93,843.71
2026-06-23T20:49:31.184,149.22,16.5,12936.07,82.4,13589.13,38.0,3.17,551.93,843.71
2026-06-23T20:49:31.421,149.45,10.7,12938.1,82.4,13589.13,38.1,3.18,551.93,843.71
2026-06-23T20:49:31.658,149.69,11.7,12937.52,82.4,13589.13,37.8,3.15,551.93,843.71
2026-06-23T20:49:31.912,149.94,33.0,12942.04,82.5,13589.13,56.4,4.7,546.97,843.71
2026-06-23T20:49:32.148,150.18,17.3,12930.23,82.4,13589.13,90.5,7.54,552.16,843.71
2026-06-23T20:49:32.384,150.42,10.4,12934.84,82.4,13589.13,42.4,3.53,552.16,843.71
2026-06-23T20:49:32.620,150.65,11.1,12937.5,82.4,13589.13,38.2,3.18,552.16,843.71
2026-06-23T20:49:32.861,150.89,11.6,12931.7,82.4,13589.13,41.8,3.48,552.16,843.71
2026-06-23T20:49:33.101,151.13,15.5,12955.57,82.5,13589.13,41.9,3.49,552.16,843.71
2026-06-23T20:49:33.340,151.37,11.3,12955.52,82.5,13589.13,33.3,2.77,552.16,843.71
2026-06-23T20:49:33.581,151.61,12.6,12955.73,82.5,13589.13,50.1,4.17,552.16,843.71
2026-06-23T20:49:33.826,151.86,15.2,12948.05,82.5,13589.13,36.7,3.06,552.16,843.71
2026-06-23T20:49:34.068,152.1,15.0,12951.57,82.5,13589.13,57.8,4.82,544.89,843.71
2026-06-23T20:49:34.305,152.34,14.1,12951.8,82.5,13589.13,71.2,5.93,551.11,843.71
2026-06-23T20:49:34.545,152.58,13.6,12953.82,82.5,13589.13,46.0,3.83,551.11,843.71
2026-06-23T20:49:34.782,152.81,11.7,12952.18,82.5,13589.13,33.6,2.8,551.11,843.71
2026-06-23T20:49:35.039,153.07,27.1,12944.75,82.5,13589.13,39.2,3.27,551.11,843.71
2026-06-23T20:49:35.281,153.31,14.4,12930.36,82.4,13589.13,40.9,3.41,551.11,843.71
2026-06-23T20:49:35.517,153.55,15.4,12932.1,82.4,13589.13,42.4,3.53,551.11,843.71
2026-06-23T20:49:35.752,153.78,10.4,12930.62,82.4,13589.13,34.0,2.83,551.11,843.71
2026-06-23T20:49:35.988,154.02,11.5,12931.38,82.4,13589.13,38.2,3.18,551.11,843.71
2026-06-23T20:49:36.223,154.25,11.8,12925.74,82.4,13589.13,46.7,3.89,551.11,843.71
2026-06-23T20:49:36.465,154.5,20.9,12924.04,82.3,13589.13,99.8,8.32,552.24,843.71
2026-06-23T20:49:36.708,154.74,12.5,12925.75,82.4,13589.13,37.3,3.11,552.31,843.71
2026-06-23T20:49:36.949,154.98,22.5,12932.44,82.4,13589.13,45.5,3.79,552.31,843.71
2026-06-23T20:49:37.190,155.22,23.2,12939.52,82.4,13589.13,41.7,3.48,552.31,843.71
2026-06-23T20:49:37.428,155.46,14.3,12938.45,82.4,13589.13,37.6,3.13,552.31,843.71
2026-06-23T20:49:37.667,155.7,17.5,12937.9,82.4,13589.13,37.6,3.13,552.31,843.71
2026-06-23T20:49:37.905,155.94,12.5,12938.1,82.4,13589.13,42.0,3.5,552.31,843.71
2026-06-23T20:49:38.147,156.18,13.9,12937.23,82.4,13589.13,41.2,3.43,552.31,843.71
2026-06-23T20:49:38.383,156.42,10.8,12936.88,82.4,13589.13,37.9,3.16,552.31,843.71
2026-06-23T20:49:38.631,156.66,26.8,12928.78,82.4,13589.13,108.0,9.0,553.36,843.71
2026-06-23T20:49:38.887,156.92,49.5,12933.54,82.4,13589.13,38.9,3.24,553.41,843.71
2026-06-23T20:49:39.126,157.16,20.1,12936.36,82.4,13589.13,49.4,4.12,553.41,843.71
2026-06-23T20:49:39.370,157.4,25.0,12950.89,82.5,13589.13,41.2,3.43,553.41,843.71
2026-06-23T20:49:39.612,157.64,22.5,12861.41,81.9,13589.13,41.3,3.44,553.41,843.71
2026-06-23T20:49:39.857,157.89,21.7,12867.87,82.0,13589.13,36.8,3.07,553.41,843.71
2026-06-23T20:49:40.100,158.13,21.8,12900.77,82.2,13589.13,40.9,3.41,553.41,843.71
2026-06-23T20:49:40.339,158.37,18.1,12949.15,82.5,13589.13,41.9,3.49,553.41,843.71
2026-06-23T20:49:40.579,158.61,16.2,12949.79,82.5,13589.13,37.4,3.12,553.41,843.71
2026-06-23T20:49:40.837,158.87,23.4,12951.75,82.5,13589.13,109.3,9.11,553.55,843.71
2026-06-23T20:49:41.083,159.11,17.4,12951.28,82.5,13589.13,44.8,3.73,553.55,843.71
2026-06-23T20:49:41.323,159.36,20.0,12952.5,82.5,13589.13,41.0,3.42,553.55,843.71
2026-06-23T20:49:41.562,159.59,10.0,12952.47,82.5,13589.13,37.9,3.16,553.55,843.71
2026-06-23T20:49:41.800,159.83,11.0,12952.95,82.5,13589.13,37.7,3.14,553.55,843.71
2026-06-23T20:49:42.036,160.07,8.2,12949.88,82.5,13589.13,38.1,3.18,553.55,843.71
2026-06-23T20:49:42.289,160.32,20.1,13181.9,84.0,13589.13,40.3,3.36,553.55,843.71
2026-06-23T20:49:42.535,160.57,29.9,13193.02,84.1,13589.13,40.3,3.36,553.55,843.71
2026-06-23T20:49:42.793,160.83,24.3,13191.28,84.0,13589.13,47.0,3.92,553.55,843.71
2026-06-23T20:49:43.035,161.07,28.4,13004.28,82.9,13589.13,112.8,9.4,553.86,843.71
2026-06-23T20:49:43.276,161.31,18.4,13088.52,83.4,13589.13,37.5,3.12,553.86,843.71
2026-06-23T20:49:43.515,161.55,21.5,13125.04,83.6,13589.13,37.4,3.12,553.86,843.71
2026-06-23T20:49:43.752,161.78,14.9,13133.86,83.7,13589.13,38.0,3.17,553.86,843.71
2026-06-23T20:49:43.987,162.02,9.7,13118.15,83.6,13589.13,38.1,3.18,553.86,843.71
2026-06-23T20:49:44.224,162.26,8.2,13113.93,83.6,13589.13,38.0,3.17,553.86,843.71
2026-06-23T20:49:44.467,162.5,14.7,13110.24,83.5,13589.13,41.7,3.48,553.86,843.71
2026-06-23T20:49:44.707,162.74,12.8,13091.38,83.4,13589.13,41.4,3.45,553.86,843.71
2026-06-23T20:49:44.950,162.98,16.1,13090.13,83.4,13589.13,41.2,3.43,553.86,843.71
2026-06-23T20:49:45.189,163.22,21.2,12985.19,82.7,13589.13,95.7,7.98,551.36,843.71
2026-06-23T20:49:45.425,163.46,12.2,12985.41,82.7,13589.13,42.2,3.52,551.36,843.71
2026-06-23T20:49:45.667,163.7,14.4,12985.46,82.7,13589.13,41.8,3.48,551.36,843.71
2026-06-23T20:49:45.911,163.94,11.2,12983.19,82.7,13589.13,45.0,3.75,551.36,843.71
2026-06-23T20:49:46.148,164.18,11.4,12976.7,82.7,13589.13,37.8,3.15,551.36,843.71
2026-06-23T20:49:46.385,164.42,13.2,12975.59,82.7,13589.13,33.8,2.82,551.36,843.71
2026-06-23T20:49:46.624,164.66,17.0,12980.46,82.7,13589.13,37.6,3.13,551.36,843.71
2026-06-23T20:49:46.870,164.9,15.6,12979.91,82.7,13589.13,41.0,3.42,551.36,843.71
2026-06-23T20:49:47.114,165.15,13.5,12998.71,82.8,13589.13,36.9,3.07,551.39,843.71
2026-06-23T20:49:47.355,165.39,18.0,13009.96,82.9,13589.13,124.0,10.33,568.31,843.71
2026-06-23T20:49:47.599,165.63,36.0,13054.41,83.2,13589.13,94.9,7.91,620.66,843.71
2026-06-23T20:49:47.843,165.88,18.6,13065.52,83.2,13589.13,106.5,8.88,631.74,843.71
2026-06-23T20:49:48.085,166.12,17.3,13073.12,83.3,13589.13,98.9,8.24,638.62,843.71
2026-06-23T20:49:48.325,166.36,13.8,13073.41,83.3,13589.13,99.8,8.32,639.71,843.71
2026-06-23T20:49:48.566,166.6,20.4,13103.79,83.5,13589.13,99.8,8.32,667.79,843.71
2026-06-23T20:49:48.805,166.84,15.2,13054.76,83.2,13589.13,99.7,8.31,598.39,843.71
2026-06-23T20:49:49.044,167.08,15.2,13055.46,83.2,13589.13,100.5,8.38,599.96,843.71
2026-06-23T20:49:49.283,167.32,19.4,13070.0,83.3,13589.13,100.6,8.38,630.0,843.71
2026-06-23T20:49:49.525,167.56,22.8,13085.59,83.4,13589.13,99.5,8.29,642.01,843.71
2026-06-23T20:49:49.772,167.8,20.4,13085.88,83.4,13589.13,98.4,8.2,642.82,843.71
2026-06-23T20:49:50.017,168.05,19.2,13101.11,83.5,13589.13,102.6,8.55,654.71,843.71
2026-06-23T20:49:50.257,168.29,19.7,13119.45,83.6,13589.13,102.0,8.5,654.71,843.71
2026-06-23T20:49:50.498,168.53,21.2,13119.64,83.6,13589.13,99.5,8.29,654.75,843.71
2026-06-23T20:49:50.741,168.77,20.2,13119.93,83.6,13589.13,99.3,8.28,654.75,843.71
2026-06-23T20:49:50.981,169.01,15.2,13119.31,83.6,13589.13,99.6,8.3,655.37,843.71
2026-06-23T20:49:51.224,169.26,30.1,13128.06,83.6,13589.13,98.9,8.24,657.63,843.71
2026-06-23T20:49:51.468,169.5,27.8,13144.29,83.7,13589.13,102.7,8.56,667.6,843.71
2026-06-23T20:49:51.705,169.74,16.5,13144.38,83.7,13589.13,54.2,4.52,619.79,843.71
2026-06-23T20:49:51.945,169.98,12.9,13140.64,83.7,13589.13,33.5,2.79,619.79,843.71
2026-06-23T20:49:52.184,170.22,13.9,13141.0,83.7,13589.13,41.8,3.48,619.79,843.71
2026-06-23T20:49:52.423,170.45,10.2,13141.0,83.7,13589.13,37.6,3.13,619.79,843.71
2026-06-23T20:49:52.661,170.69,11.0,13138.88,83.7,13589.13,37.7,3.14,619.79,843.71
2026-06-23T20:49:52.901,170.93,14.1,13126.39,83.6,13589.13,41.8,3.48,619.79,843.71
2026-06-23T20:49:53.140,171.17,16.7,13126.2,83.6,13589.13,41.7,3.48,619.79,843.71
2026-06-23T20:49:53.380,171.41,14.2,13127.41,83.6,13589.13,37.6,3.13,619.79,843.71
2026-06-23T20:49:53.619,171.65,13.2,13127.71,83.6,13589.13,37.6,3.13,619.79,843.71
2026-06-23T20:49:53.865,171.9,15.6,13109.73,83.5,13589.13,70.0,5.83,617.63,843.71
2026-06-23T20:49:54.106,172.14,13.3,13109.39,83.5,13589.13,69.7,5.81,619.89,843.71
2026-06-23T20:49:54.345,172.38,12.4,13109.7,83.5,13589.13,41.9,3.49,619.89,843.71
2026-06-23T20:49:54.583,172.62,10.7,13109.84,83.5,13589.13,37.7,3.14,619.89,843.71
2026-06-23T20:49:54.820,172.85,8.5,13104.18,83.5,13589.13,37.9,3.16,619.89,843.71
2026-06-23T20:49:55.062,173.09,10.2,13102.45,83.5,13589.13,45.9,3.83,619.89,843.71
2026-06-23T20:49:55.302,173.33,9.5,13101.98,83.5,13589.13,37.3,3.11,619.89,843.71
2026-06-23T20:49:55.543,173.58,9.9,13101.27,83.5,13589.13,41.6,3.47,619.89,843.71
2026-06-23T20:49:55.784,173.82,10.1,13095.96,83.4,13589.13,37.4,3.12,619.89,843.71
2026-06-23T20:49:56.024,174.06,14.1,13089.92,83.4,13589.13,74.9,6.24,619.4,843.71
2026-06-23T20:49:56.265,174.3,11.8,13089.38,83.4,13589.13,62.2,5.18,620.05,843.71
2026-06-23T20:49:56.506,174.54,10.9,13089.38,83.4,13589.13,41.6,3.47,620.05,843.71
2026-06-23T20:49:56.746,174.78,12.9,13091.77,83.4,13589.13,45.8,3.82,620.05,843.71
2026-06-23T20:49:56.987,175.02,27.6,13091.0,83.4,13589.13,37.2,3.1,620.05,843.71
2026-06-23T20:49:57.226,175.26,9.3,13088.46,83.4,13589.13,37.7,3.14,620.05,843.71
2026-06-23T20:49:57.466,175.5,10.3,13087.76,83.4,13589.13,41.8,3.48,620.05,843.71
2026-06-23T20:49:57.704,175.74,9.9,13087.73,83.4,13589.13,37.8,3.15,620.05,843.71
2026-06-23T20:49:57.943,175.97,10.4,13082.66,83.4,13589.13,37.7,3.14,620.05,843.71
2026-06-23T20:49:58.187,176.22,17.6,13076.7,83.3,13589.13,73.5,6.12,621.41,843.71
2026-06-23T20:49:58.427,176.46,15.8,13077.25,83.3,13589.13,71.1,5.92,620.04,843.71
2026-06-23T20:49:58.664,176.7,11.0,13077.25,83.3,13589.13,37.7,3.14,620.04,843.71
2026-06-23T20:49:58.901,176.93,11.1,13072.0,83.3,13589.13,38.0,3.17,620.04,843.71
2026-06-23T20:49:59.143,177.17,24.7,13057.32,83.2,13589.13,41.3,3.44,620.04,843.71
2026-06-23T20:49:59.381,177.41,8.6,13057.56,83.2,13589.13,38.1,3.18,620.04,843.71
2026-06-23T20:49:59.620,177.65,9.9,13057.77,83.2,13589.13,41.8,3.48,620.04,843.71
2026-06-23T20:49:59.860,177.89,9.9,13053.3,83.2,13589.13,41.8,3.48,620.04,843.71
2026-06-23T20:50:00.096,178.13,9.6,13050.5,83.2,13589.13,37.8,3.15,620.04,843.71
2026-06-23T20:50:00.338,178.37,14.2,13051.05,83.2,13589.13,66.7,5.56,618.81,843.71
2026-06-23T20:50:00.576,178.61,11.5,13046.82,83.1,13589.13,79.6,6.63,618.68,843.71
2026-06-23T20:50:00.814,178.85,13.3,13045.58,83.1,13589.13,37.8,3.15,618.68,843.71
2026-06-23T20:50:01.058,179.09,11.8,13041.53,83.1,13589.13,37.3,3.11,618.68,843.71
2026-06-23T20:50:01.300,179.33,13.1,13043.29,83.1,13589.13,37.0,3.08,618.68,843.71
2026-06-23T20:50:01.542,179.57,13.0,13043.28,83.1,13589.13,37.3,3.11,618.68,843.71
2026-06-23T20:50:01.785,179.82,16.0,13048.01,83.1,13589.13,45.4,3.78,618.68,843.71
2026-06-23T20:50:02.025,180.06,12.4,13044.89,83.1,13589.13,37.3,3.11,618.68,843.71
2026-06-23T20:50:02.268,180.3,12.5,13044.46,83.1,13589.13,37.1,3.09,618.68,843.71
2026-06-23T20:50:02.511,180.54,17.1,13038.59,83.1,13589.13,74.0,6.17,621.8,843.71
2026-06-23T20:50:02.751,180.78,12.5,13036.75,83.1,13589.13,70.4,5.87,620.86,843.71
2026-06-23T20:50:02.990,181.02,8.8,13034.49,83.0,13589.13,37.6,3.13,620.86,843.71
2026-06-23T20:50:03.229,181.26,8.1,13034.49,83.0,13589.13,46.0,3.83,620.86,843.71
2026-06-23T20:50:03.469,181.5,9.5,13034.0,83.0,13589.13,37.6,3.13,620.86,843.71
2026-06-23T20:50:03.709,181.74,9.2,13034.0,83.0,13589.13,33.3,2.77,620.86,843.71
2026-06-23T20:50:03.948,181.98,10.7,13031.91,83.0,13589.13,37.6,3.13,620.86,843.71
2026-06-23T20:50:04.187,182.22,10.3,13030.79,83.0,13589.13,37.7,3.14,620.86,843.71
2026-06-23T20:50:04.426,182.46,8.9,13030.53,83.0,13589.13,41.9,3.49,620.86,843.71
2026-06-23T20:50:04.669,182.7,13.6,13029.54,83.0,13589.13,78.1,6.51,619.62,843.71
2026-06-23T20:50:04.908,182.94,9.9,13028.64,83.0,13589.13,54.5,4.54,620.54,843.71
2026-06-23T20:50:05.146,183.18,20.6,12993.3,82.8,13589.13,0.0,0.0,620.54,843.71
2026-06-23T20:50:05.387,183.42,10.8,12962.49,82.6,13589.13,50.0,4.17,620.54,843.71
2026-06-23T20:50:05.643,183.67,24.5,12953.35,82.5,13589.13,39.4,3.28,620.54,843.71
2026-06-23T20:50:05.883,183.91,10.2,12952.42,82.5,13589.13,41.1,3.43,620.54,843.71
2026-06-23T20:50:06.124,184.16,15.4,12988.66,82.8,13589.13,37.4,3.12,620.54,843.71
2026-06-23T20:50:06.363,184.39,9.2,12987.38,82.7,13589.13,33.4,2.78,620.54,843.71
2026-06-23T20:50:06.606,184.64,13.0,12989.05,82.8,13589.13,45.6,3.8,620.54,843.71
2026-06-23T20:50:06.846,184.88,13.7,12988.82,82.8,13589.13,37.2,3.1,620.54,843.71
2026-06-23T20:50:07.086,185.12,12.3,12989.5,82.8,13589.13,37.6,3.13,620.54,843.71
2026-06-23T20:50:07.323,185.36,10.3,12989.73,82.8,13589.13,33.5,2.79,620.54,843.71
2026-06-23T20:50:07.565,185.6,15.1,12996.26,82.8,13589.13,104.1,8.68,621.2,843.71
2026-06-23T20:50:07.808,185.84,10.8,13029.29,83.0,13589.13,37.1,3.09,621.2,843.71
2026-06-23T20:50:08.048,186.08,10.6,13031.9,83.0,13589.13,41.4,3.45,621.2,843.71
2026-06-23T20:50:08.288,186.32,8.2,13031.89,83.0,13589.13,37.5,3.12,621.2,843.71
2026-06-23T20:50:08.527,186.56,12.3,13031.81,83.0,13589.13,37.6,3.13,621.2,843.71
2026-06-23T20:50:08.765,186.8,8.8,13037.05,83.1,13589.13,46.2,3.85,621.2,843.71
2026-06-23T20:50:09.006,187.04,9.8,13036.62,83.1,13589.13,33.4,2.78,621.2,843.71
2026-06-23T20:50:09.246,187.28,8.5,13029.66,83.0,13589.13,37.4,3.12,621.2,843.71
2026-06-23T20:50:09.487,187.52,10.3,13029.64,83.0,13589.13,37.4,3.12,621.2,843.71
2026-06-23T20:50:09.730,187.76,16.2,13039.4,83.1,13589.13,103.1,8.59,621.35,843.71
2026-06-23T20:50:09.970,188.0,10.9,13034.26,83.0,13589.13,41.6,3.47,621.49,843.71
2026-06-23T20:50:10.211,188.24,11.2,13036.98,83.1,13589.13,41.5,3.46,621.49,843.71
2026-06-23T20:50:10.452,188.48,8.4,13036.98,83.1,13589.13,37.3,3.11,621.49,843.71
2026-06-23T20:50:10.694,188.73,10.8,13036.9,83.1,13589.13,37.2,3.1,621.49,843.71
2026-06-23T20:50:10.936,188.97,10.1,13036.69,83.1,13589.13,37.2,3.1,621.49,843.71
2026-06-23T20:50:11.176,189.21,9.6,13035.7,83.1,13589.13,37.4,3.12,621.49,843.71
2026-06-23T20:50:11.416,189.45,8.5,13017.06,82.9,13589.13,37.5,3.12,621.49,843.71
2026-06-23T20:50:11.659,189.69,8.7,13017.06,82.9,13589.13,37.3,3.11,621.49,843.71
2026-06-23T20:50:11.903,189.93,15.6,13017.45,82.9,13589.13,91.0,7.58,621.52,843.71
2026-06-23T20:50:12.142,190.17,26.1,13021.3,83.0,13589.13,61.6,5.13,621.99,843.71
2026-06-23T20:50:12.379,190.41,7.9,13021.46,83.0,13589.13,42.1,3.51,621.99,843.71
2026-06-23T20:50:12.620,190.65,9.2,13020.63,83.0,13589.13,37.5,3.12,621.99,843.71
2026-06-23T20:50:12.862,190.89,9.1,13019.3,83.0,13589.13,33.2,2.77,621.99,843.71
2026-06-23T20:50:13.101,191.13,8.9,13018.25,82.9,13589.13,41.6,3.47,621.99,843.71
2026-06-23T20:50:13.343,191.37,9.1,13018.25,82.9,13589.13,37.2,3.1,621.99,843.71
2026-06-23T20:50:13.582,191.61,8.5,13018.25,82.9,13589.13,42.0,3.5,621.99,843.71
2026-06-23T20:50:13.822,191.85,8.1,13016.72,82.9,13589.13,37.4,3.12,621.99,843.71
2026-06-23T20:50:14.065,192.1,14.6,13039.91,83.1,13589.13,70.5,5.88,620.62,843.71
2026-06-23T20:50:14.304,192.34,11.3,13040.09,83.1,13589.13,70.6,5.88,621.84,843.71
2026-06-23T20:50:14.546,192.58,8.7,13044.79,83.1,13589.13,37.2,3.1,621.84,843.71
2026-06-23T20:50:14.791,192.82,15.1,13091.79,83.4,13589.13,36.9,3.07,621.84,843.71
2026-06-23T20:50:15.035,193.07,15.3,13092.27,83.4,13589.13,41.1,3.43,621.84,843.71
2026-06-23T20:50:15.274,193.31,12.6,13092.45,83.4,13589.13,41.4,3.45,621.84,843.71
2026-06-23T20:50:15.518,193.55,10.0,13092.45,83.4,13589.13,41.7,3.48,621.84,843.71
2026-06-23T20:50:15.761,193.79,9.8,13092.62,83.4,13589.13,36.7,3.06,621.84,843.71
2026-06-23T20:50:16.005,194.04,16.7,13108.16,83.5,13589.13,40.9,3.41,621.84,843.71
2026-06-23T20:50:16.254,194.29,21.8,13098.48,83.5,13589.13,68.3,5.69,620.99,843.71
2026-06-23T20:50:16.498,194.53,18.2,13099.91,83.5,13589.13,73.7,6.14,621.89,843.71
2026-06-23T20:50:16.737,194.77,12.0,13099.89,83.5,13589.13,41.5,3.46,621.89,843.71
2026-06-23T20:50:16.980,195.01,8.7,13100.29,83.5,13589.13,37.3,3.11,621.89,843.71
2026-06-23T20:50:17.221,195.25,10.1,13096.27,83.4,13589.13,37.4,3.12,621.89,843.71
2026-06-23T20:50:17.463,195.49,9.4,13096.27,83.4,13589.13,37.3,3.11,621.89,843.71
2026-06-23T20:50:17.705,195.74,11.1,13097.67,83.5,13589.13,41.1,3.43,621.89,843.71
2026-06-23T20:50:17.946,195.98,10.6,13098.85,83.5,13589.13,37.3,3.11,621.89,843.71
2026-06-23T20:50:18.188,196.22,9.5,13096.83,83.4,13589.13,41.4,3.45,621.89,843.71
2026-06-23T20:50:18.432,196.46,13.6,13093.35,83.4,13589.13,61.3,5.11,619.25,843.71
2026-06-23T20:50:18.673,196.71,12.0,13102.43,83.5,13589.13,75.0,6.25,622.84,843.71
2026-06-23T20:50:18.913,196.94,5.3,13101.27,83.5,13589.13,0.0,0.0,622.84,843.71
2026-06-23T20:50:19.153,197.18,7.4,13100.85,83.5,13589.13,16.6,1.38,622.84,843.71
2026-06-23T20:50:19.399,197.43,12.0,13100.58,83.5,13589.13,37.2,3.1,622.84,843.71
2026-06-23T20:50:19.637,197.67,4.3,13100.39,83.5,13589.13,0.0,0.0,622.84,843.71
2026-06-23T20:50:19.878,197.91,10.2,13100.88,83.5,13589.13,54.0,4.5,622.85,843.71
2026-06-23T20:50:20.117,198.15,9.9,13100.33,83.5,13589.13,37.5,3.12,622.85,843.71
2026-06-23T20:50:20.356,198.39,8.5,13103.89,83.5,13589.13,37.6,3.13,622.85,843.71
2026-06-23T20:50:20.599,198.63,9.0,13104.14,83.5,13589.13,37.2,3.1,622.85,843.71
2026-06-23T20:50:20.839,198.87,8.8,13102.63,83.5,13589.13,37.4,3.12,622.85,843.71
2026-06-23T20:50:21.083,199.11,9.1,13101.11,83.5,13589.13,37.0,3.08,622.85,843.71
2026-06-23T20:50:21.327,199.36,9.0,13100.35,83.5,13589.13,41.2,3.43,622.86,843.71
2026-06-23T20:50:21.566,199.6,9.2,13100.05,83.5,13589.13,37.4,3.12,622.86,843.71
2026-06-23T20:50:21.810,199.84,8.7,13100.03,83.5,13589.13,37.0,3.08,622.86,843.71
2026-06-23T20:50:22.051,200.08,17.0,13098.18,83.5,13589.13,107.7,8.97,623.6,843.71
2026-06-23T20:50:22.289,200.32,10.2,13098.49,83.5,13589.13,33.4,2.78,623.61,843.71
2026-06-23T20:50:22.527,200.56,9.5,13098.99,83.5,13589.13,37.8,3.15,623.61,843.71
2026-06-23T20:50:22.765,200.8,10.0,13081.18,83.3,13589.13,46.3,3.86,623.61,843.71
2026-06-23T20:50:23.003,201.03,9.9,13084.77,83.4,13589.13,37.8,3.15,623.61,843.71
2026-06-23T20:50:23.241,201.27,9.2,13059.91,83.2,13589.13,33.7,2.81,623.61,843.71
2026-06-23T20:50:23.483,201.51,11.1,13133.49,83.7,13589.13,37.7,3.14,623.61,843.71
2026-06-23T20:50:23.719,201.75,9.3,13134.29,83.7,13589.13,37.5,3.12,623.61,843.71
2026-06-23T20:50:23.956,201.99,9.3,13133.43,83.7,13589.13,42.1,3.51,623.61,843.71
2026-06-23T20:50:24.196,202.23,12.6,13159.41,83.8,13589.13,67.0,5.58,621.32,843.71
2026-06-23T20:50:24.433,202.46,12.2,13174.3,83.9,13589.13,79.8,6.65,624.39,843.71
2026-06-23T20:50:24.669,202.7,7.5,13174.56,83.9,13589.13,33.8,2.82,624.39,843.71
2026-06-23T20:50:24.907,202.94,8.2,13174.91,83.9,13589.13,37.9,3.16,624.39,843.71
2026-06-23T20:50:25.145,203.18,14.2,13157.79,83.8,13589.13,37.8,3.15,624.39,843.71
2026-06-23T20:50:25.382,203.41,9.6,13157.82,83.8,13589.13,42.2,3.52,624.39,843.71
2026-06-23T20:50:25.620,203.65,9.2,13158.05,83.8,13589.13,37.7,3.14,624.39,843.71
2026-06-23T20:50:25.858,203.89,8.9,13158.48,83.8,13589.13,38.0,3.17,624.39,843.71
2026-06-23T20:50:26.097,204.13,13.1,13136.33,83.7,13589.13,33.5,2.79,624.39,843.71
2026-06-23T20:50:26.344,204.38,15.9,13129.25,83.7,13589.13,37.8,3.15,624.39,843.71
2026-06-23T20:50:26.583,204.61,27.0,13148.36,83.8,13589.13,108.8,9.07,624.88,843.71
2026-06-23T20:50:26.826,204.86,9.4,13147.85,83.8,13589.13,45.1,3.76,624.88,843.71
2026-06-23T20:50:27.062,205.09,9.4,13147.81,83.8,13589.13,33.9,2.82,624.88,843.71
2026-06-23T20:50:27.301,205.33,8.5,13147.79,83.8,13589.13,37.8,3.15,624.88,843.71
2026-06-23T20:50:27.542,205.57,9.4,13147.55,83.8,13589.13,33.4,2.78,624.88,843.71
2026-06-23T20:50:27.781,205.81,7.8,13146.87,83.8,13589.13,41.7,3.48,624.88,843.71
2026-06-23T20:50:28.019,206.05,10.0,13143.52,83.7,13589.13,37.8,3.15,624.88,843.71
2026-06-23T20:50:28.258,206.29,9.9,13143.01,83.7,13589.13,37.8,3.15,624.88,843.71
2026-06-23T20:50:28.496,206.53,9.2,13143.02,83.7,13589.13,37.7,3.14,624.88,843.71
2026-06-23T20:50:28.737,206.77,11.6,13144.74,83.8,13589.13,71.0,5.92,626.0,843.71
2026-06-23T20:50:28.976,207.01,12.8,13170.3,83.9,13589.13,75.1,6.26,625.34,843.71
2026-06-23T20:50:29.211,207.24,9.3,13169.08,83.9,13589.13,38.0,3.17,625.34,843.71
2026-06-23T20:50:29.449,207.48,12.5,13169.55,83.9,13589.13,38.0,3.17,625.34,843.71
2026-06-23T20:50:29.689,207.72,10.5,13172.32,83.9,13589.13,37.7,3.14,625.34,843.71
2026-06-23T20:50:29.924,207.96,13.7,13165.96,83.9,13589.13,37.8,3.15,625.34,843.71
2026-06-23T20:50:30.163,208.19,14.2,13166.46,83.9,13589.13,42.0,3.5,625.34,843.71
2026-06-23T20:50:30.403,208.43,10.6,13166.43,83.9,13589.13,37.8,3.15,625.34,843.71
2026-06-23T20:50:30.641,208.67,10.6,13166.4,83.9,13589.13,41.7,3.48,625.34,843.71
2026-06-23T20:50:30.878,208.91,10.7,13159.53,83.8,13589.13,33.7,2.81,625.34,843.71
2026-06-23T20:50:31.117,209.15,17.8,13176.5,84.0,13589.13,109.1,9.09,624.84,843.71
2026-06-23T20:50:31.354,209.39,11.1,13176.93,84.0,13589.13,37.9,3.16,624.84,843.71
2026-06-23T20:50:31.591,209.62,8.2,13176.93,84.0,13589.13,33.8,2.82,624.84,843.71
2026-06-23T20:50:31.827,209.86,7.2,13170.25,83.9,13589.13,38.1,3.18,624.84,843.71
2026-06-23T20:50:32.064,210.1,8.5,13169.82,83.9,13589.13,38.0,3.17,624.84,843.71
2026-06-23T20:50:32.301,210.33,7.8,13169.73,83.9,13589.13,42.2,3.52,624.84,843.71
2026-06-23T20:50:32.537,210.57,7.5,13169.71,83.9,13589.13,33.9,2.82,624.84,843.71
2026-06-23T20:50:32.774,210.81,7.5,13167.32,83.9,13589.13,38.1,3.18,624.84,843.71
2026-06-23T20:50:33.013,211.05,10.9,13179.97,84.0,13589.13,37.9,3.16,624.84,843.71
